Version,,,,0.1,,,,,,,,,,,,,,,,,,,,,,,,,,,,,,,,,,,,,,,,,,,,,,,,,,,,,,,,,,,,,,,,,,,,,,,,,,,,,,,,,,,,,,,,,,,,
EVENT,,,,"B=Billable, C=Charity, I=IEDR, N=Non-Billable","N=No auto renew, R=Renew Once, A=Autorenew",Y/N,"R=Registrar, D=Direct","A = Active, IM = Involuntary Mailed, IS = Involuntary Suspended, VM = Voluntary Mailed, VS = Voluntary Suspended, D = Deleted, P = Post-Transaction Audit, T = Transaction Failed.",,CreateBillableDomainRegistrar,,,CreateBillableDomainDirect,,,CreateCharityDomainRegistrar,,,CreateCharityDomainDirect,,,CreateGIBODomain,,,DeletedDomainRemoval,,,RenewalDatePasses,,,SuspensionDatePasses,,,DeletionDatePasses,,,GIBOAuthorisation,,,GIBOAdminFailure,,,GIBOPaymentFailure,,,GIBOPaymentRetryTimeout,,,ForceDelete,,,EnterVoluntaryNRP,,,RemoveFromVoluntaryNRP,,,Payment,,,AutorenewalPayment (not required),,,TransferToDirect,,,TransferToRegistrar,,,SetAutoRenew,,,SetNoAutoRenew,,,SetOnceAutoRenew,,,SetCharity,,,SetBillable,,,SetNonBillable,,,SetIEDR,,,EnterWIPOArbitration,,,ExitWIPOArbitration,,
STATE,Equivalent State,VALID,State Comment,Domain Holder Type,Renewal Mode,WIPO Dispute Status,Customer Type,NRP Status,,Next State,Actions,Comment,Next State,Actions,Comment,Next State,Actions,Comment,Next State,Actions,Comment,Next State,Actions,Comment,Next State,Actions,Comment,Next State,Actions,Comment,Next State,Actions,Comment,Next State,Actions,Comment,Next State,Actions,Comment,,,Comment,Next State,Actions,Comment,,,Comment,Next State,Actions,Comment,Next State,Actions,Comment,Next State,Actions,Comment,Next State,Actions,Comment,Next State,Actions,Comment,Next State,Actions,Comment,Next State,Actions,Comment,Next State,Actions,Comment,Next State,Actions,Comment,Next State,Actions,Comment,Next State,Actions,Comment,Next State,Actions,Comment,Next State,Actions,Comment,Next State,Actions,Comment,Next State,Actions,Comment,Next State,Actions,Comment
0,,Y,Start State,n/a,n/a,n/a,n/a,n/a,,17,SetRenewalDate,,25,SetRenewalDate,,113,SetRenewalDate,,121,SetRenewalDate,,23,SetRenewalDate,,x,x,,x,x,,x,x,,x,x,,x,x,,x,x,,x,x,,x,x,,x,x,,x,x,,x,x,,x,x,,,,,x,x,,x,x,,x,x,,x,x,,x,x,,x,x,,x,x,,x,x,,x,x,,x,x,,x,x,
1,,Y,,B,N,Y,R,A,,x,x,,x,x,,x,x,,x,x,,x,x,,x,x,,2,,,x,x,,x,x,,x,x,,x,x,,x,x,,x,x,,x,x,Don't delete disputed domains,x,x,Can't put disputed domain voluntarily into NRP,x,x,,1,,,,,,x,x,No transfers of disputed domains,x,x,No transfers of disputed domains,65,,,x,x,,33,,,x,x,No holder changes to disputed domains,x,x,,x,x,No holder changes to disputed domains,x,x,No holder changes to disputed domains,x,x,,17,,
2,,Y,,B,N,Y,R,IM,,x,x,,x,x,,x,x,,x,x,,x,x,,x,x,,x,x,,3,,,x,x,,x,x,,x,x,,x,x,,x,x,,x,x,Don't delete disputed domains,x,x,,x,x,,1,,,,,,x,x,No transfers of disputed domains,x,x,No transfers of disputed domains,66,,,x,x,,34,,,x,x,No holder changes to disputed domains,x,x,,x,x,No holder changes to disputed domains,x,x,No holder changes to disputed domains,x,x,,18,,
3,,Y,,B,N,Y,R,IS,,x,x,,x,x,,x,x,,x,x,,x,x,,x,x,,x,x,,x,x,,x,x,Don't delete disputed domains,x,x,,x,x,,x,x,,x,x,,x,x,Don't delete disputed domains,x,x,,x,x,,1,,,,,,x,x,No transfers of disputed domains,x,x,No transfers of disputed domains,67,,,x,x,,35,,,x,x,No holder changes to disputed domains,x,x,,x,x,No holder changes to disputed domains,x,x,No holder changes to disputed domains,x,x,,19,,
4,,Y,,B,N,Y,R,VM,,x,x,,x,x,,x,x,,x,x,,x,x,,x,x,,2,,,5,,,x,x,,x,x,,x,x,,x,x,,x,x,,x,x,Don't delete disputed domains,x,x,,x,x,A domain that is in voluntary NRP at the point that a WIPO dispute arises is allowed to complete to deletion,x,x,Payment cannot be taken for Vol. NRP domains,,,,x,x,No transfers of disputed domains,x,x,No transfers of disputed domains,x,x,Vol NRP precludes autorenew,x,x,Vol NRP precludes autorenew,x,x,Vol NRP precludes autorenew,x,x,No holder changes to disputed domains,x,x,,x,x,No holder changes to disputed domains,x,x,No holder changes to disputed domains,x,x,,20,,
5,,Y,,B,N,Y,R,VS,,x,x,,x,x,,x,x,,x,x,,x,x,,x,x,,2,,,x,x,,x,x,Don't delete disputed domains,x,x,,x,x,,x,x,,x,x,,x,x,Don't delete disputed domains,x,x,,x,x,A domain that is in voluntary NRP at the point that a WIPO dispute arises is allowed to complete to deletion,x,x,Payment cannot be taken for Vol. NRP domains,,,,x,x,No transfers of disputed domains,x,x,No transfers of disputed domains,x,x,Vol NRP precludes autorenew,x,x,Vol NRP precludes autorenew,x,x,Vol NRP precludes autorenew,x,x,No holder changes to disputed domains,x,x,,x,x,No holder changes to disputed domains,x,x,No holder changes to disputed domains,x,x,,21,,
6,385,N,Only one DELETED state required,B,N,Y,R,D,,,,,,,,,,,,,,,,,,,,,,,,,,,,,,,,,,,,,,,,,,,,,,,,,,,,,,,,,,,,,,,,,,,,,,,,,,,,,,,,,,,,,,,,
7,,Y,,B,N,Y,R,P,,x,x,,x,x,,x,x,,x,x,,x,x,,x,x,,2,,,x,x,,x,x,,1,x,,385,x,,8,SetGIBORetryTimeout,,x,x,,x,x,Don't delete disputed domains,x,x,,x,x,,x,x,,,,,x,x,No transfers of disputed domains,x,x,No transfers of disputed domains,71,,,x,x,,39,,,x,x,No holder changes to disputed domains,x,x,,x,x,No holder changes to disputed domains,x,x,No holder changes to disputed domains,x,x,,23,,
8,,Y,,B,N,Y,R,T,,x,x,,x,x,,x,x,,x,x,,x,x,,x,x,,2,,,x,x,,x,x,,x,x,,x,x,,x,x,,385,x,,x,x,Don't delete disputed domains,x,x,,x,x,,1,,,,,,x,x,No transfers of disputed domains,x,x,No transfers of disputed domains,72,,,x,x,,40,,,x,x,No holder changes to disputed domains,x,x,,x,x,No holder changes to disputed domains,x,x,No holder changes to disputed domains,x,x,,24,,
9,,Y,,B,N,Y,D,A,,x,x,,x,x,,x,x,,x,x,,x,x,,x,x,,10,,,x,x,,x,x,,x,x,,x,x,,x,x,,x,x,,x,x,Don't delete disputed domains,x,x,Can't put disputed domain voluntarily into NRP,x,x,,9,,,,,,x,x,No transfers of disputed domains,x,x,No transfers of disputed domains,x,x,Autorenew options only apply to registrars,x,x,Autorenew options only apply to registrars,x,x,Autorenew options only apply to registrars,x,x,No holder changes to disputed domains,x,x,,x,x,No holder changes to disputed domains,x,x,No holder changes to disputed domains,x,x,,25,,
10,,Y,,B,N,Y,D,IM,,x,x,,x,x,,x,x,,x,x,,x,x,,x,x,,x,x,,11,,,x,x,,x,x,,x,x,,x,x,,x,x,,x,x,Don't delete disputed domains,x,x,,x,x,,9,,,,,,x,x,No transfers of disputed domains,x,x,No transfers of disputed domains,x,x,Autorenew options only apply to registrars,x,x,Autorenew options only apply to registrars,x,x,Autorenew options only apply to registrars,x,x,No holder changes to disputed domains,x,x,,x,x,No holder changes to disputed domains,x,x,No holder changes to disputed domains,x,x,,26,,
11,,Y,,B,N,Y,D,IS,,x,x,,x,x,,x,x,,x,x,,x,x,,x,x,,x,x,,x,x,,x,x,Don't delete disputed domains,x,x,,x,x,,x,x,,x,x,,x,x,Don't delete disputed domains,x,x,,x,x,,9,,,,,,x,x,No transfers of disputed domains,x,x,No transfers of disputed domains,x,x,Autorenew options only apply to registrars,x,x,Autorenew options only apply to registrars,x,x,Autorenew options only apply to registrars,x,x,No holder changes to disputed domains,x,x,,x,x,No holder changes to disputed domains,x,x,No holder changes to disputed domains,x,x,,27,,
12,,Y,,B,N,Y,D,VM,,x,x,,x,x,,x,x,,x,x,,x,x,,x,x,,10,,,13,,,x,x,,x,x,,x,x,,x,x,,x,x,,x,x,Don't delete disputed domains,x,x,,x,x,A domain that is in voluntary NRP at the point that a WIPO dispute arises is allowed to complete to deletion,x,x,Payment cannot be taken for Vol. NRP domains,,,,x,x,No transfers of disputed domains,x,x,No transfers of disputed domains,x,x,Autorenew options only apply to registrars,x,x,Autorenew options only apply to registrars,x,x,Autorenew options only apply to registrars,x,x,No holder changes to disputed domains,x,x,,x,x,No holder changes to disputed domains,x,x,No holder changes to disputed domains,x,x,,28,,
13,,Y,,B,N,Y,D,VS,,x,x,,x,x,,x,x,,x,x,,x,x,,x,x,,10,,,x,x,,x,x,Don't delete disputed domains,x,x,,x,x,,x,x,,x,x,,x,x,Don't delete disputed domains,x,x,,x,x,A domain that is in voluntary NRP at the point that a WIPO dispute arises is allowed to complete to deletion,x,x,Payment cannot be taken for Vol. NRP domains,,,,x,x,No transfers of disputed domains,x,x,No transfers of disputed domains,x,x,Autorenew options only apply to registrars,x,x,Autorenew options only apply to registrars,x,x,Autorenew options only apply to registrars,x,x,No holder changes to disputed domains,x,x,,x,x,No holder changes to disputed domains,x,x,No holder changes to disputed domains,x,x,,29,,
14,385,N,Only one DELETED state required,B,N,Y,D,D,,,,,,,,,,,,,,,,,,,,,,,,,,,,,,,,,,,,,,,,,,,,,,,,,,,,,,,,,,,,,,,,,,,,,,,,,,,,,,,,,,,,,,,,
15,,N,"GIBO statuses (P,T) only applicable to Registrars",B,N,Y,D,P,,,,,,,,,,,,,,,,,,,,,,,,,,,,,,,,,,,,,,,,,,,,,,,,,,,,,,,,,,,,,,,,,,,,,,,,,,,,,,,,,,,,,,,,
16,,N,"GIBO statuses (P,T) only applicable to Registrars",B,N,Y,D,T,,,,,,,,,,,,,,,,,,,,,,,,,,,,,,,,,,,,,,,,,,,,,,,,,,,,,,,,,,,,,,,,,,,,,,,,,,,,,,,,,,,,,,,,
17,,Y,,B,N,N,R,A,,x,x,,x,x,,x,x,,x,x,,x,x,,x,x,,18,,,x,x,,x,x,,x,x,,x,x,,x,x,,x,x,,385,,,20,,,x,x,,17,,,,,,25,,,17,,,81,,,x,x,,49,,,113,,,x,x,,305,,,386,,,1,,,x,x,
18,,Y,,B,N,N,R,IM,,x,x,,x,x,,x,x,,x,x,,x,x,,x,x,,x,x,,19,,,x,x,,x,x,,x,x,,x,x,,x,x,,385,,,x,x,,x,x,,17,,,,,,25,,,17,,,82,,,x,x,,50,,,113,,,x,x,,305,,Assume becomes active,386,,,2,,,x,x,
19,,Y,,B,N,N,R,IS,,x,x,,x,x,,x,x,,x,x,,x,x,,x,x,,x,x,,x,x,,385,,,x,x,,x,x,,x,x,,x,x,,385,,,x,x,,x,x,,17,,,,,,25,,,17,,,83,,,x,x,,51,,,113,,,x,x,,305,,Assume becomes active,386,,,3,,,x,x,
20,,Y,,B,N,N,R,VM,,x,x,,x,x,,x,x,,x,x,,x,x,,x,x,,18,,,21,,,x,x,,x,x,,x,x,,x,x,,x,x,,385,,,x,x,,17,,,x,x,Payment cannot be taken for Vol. NRP domains,,,,25,,,17,,,x,x,Vol NRP can't change autorenew,x,x,Vol NRP can't change autorenew,x,x,Vol NRP can't change autorenew,113,,,x,x,,x,x,Vol NRP can't change holder,386,,,4,,,x,x,
21,,Y,,B,N,N,R,VS,,x,x,,x,x,,x,x,,x,x,,x,x,,x,x,,18,,,x,x,,385,,,x,x,,x,x,,x,x,,x,x,,385,,,x,x,,17,,,x,x,Payment cannot be taken for Vol. NRP domains,,,,25,,,17,,,x,x,Vol NRP can't change autorenew,x,x,Vol NRP can't change autorenew,x,x,Vol NRP can't change autorenew,113,,,x,x,,x,x,Vol NRP can't change holder,386,,,5,,,x,x,
22,385,N,Only one DELETED state required,B,N,N,R,D,,,,,,,,,,,,,,,,,,,,,,,,,,,,,,,,,,,,,,,,,,,,,,,,,,,,,,,,,,,,,,,,,,,,,,,,,,,,,,,,,,,,,,,,
23,,Y,,B,N,N,R,P,,x,x,,x,x,,x,x,,x,x,,x,x,,x,x,,23,,,x,x,,x,x,,17,x,,385,x,,24,SetGIBORetryTimeout,,x,x,,385,,,x,x,,x,x,,x,x,GIBO requires RS auth. First,,,,25,,,17,,,87,,,x,x,,55,,,113,,,x,x,,x,x,Can't change holder on pre authorised GIBO,386,,,7,,,x,x,
24,,Y,,B,N,N,R,T,,x,x,,x,x,,x,x,,x,x,,x,x,,x,x,,24,,,x,x,,x,x,,x,x,,x,x,,x,x,,385,x,,385,,,x,x,,x,x,,17,x,,,,,25,,,17,,,88,,,x,x,,56,,,113,,,x,x,,305,,Assume becomes active,386,,,8,,,x,x,
25,,Y,,B,N,N,D,A,,x,x,,x,x,,x,x,,x,x,,x,x,,x,x,,26,,,x,x,,x,x,,x,x,,x,x,,x,x,,x,x,,385,,,28,,,x,x,,25,,,,,,25,,,17,,,x,x,Autorenew options only apply to registrars,x,x,Autorenew options only apply to registrars,x,x,Autorenew options only apply to registrars,121,,,x,x,,313,,,386,,,9,,,x,x,
26,,Y,,B,N,N,D,IM,,x,x,,x,x,,x,x,,x,x,,x,x,,x,x,,x,x,,27,,,x,x,,x,x,,x,x,,x,x,,x,x,,385,,,x,x,,x,x,,25,,,,,,25,,,17,,,x,x,Autorenew options only apply to registrars,x,x,Autorenew options only apply to registrars,x,x,Autorenew options only apply to registrars,121,,Assume always goes to Active,x,x,,313,,Assume becomes active,386,,,10,,,x,x,
27,,Y,,B,N,N,D,IS,,x,x,,x,x,,x,x,,x,x,,x,x,,x,x,,x,x,,x,x,,385,,,x,x,,x,x,,x,x,,x,x,,385,,,x,x,,x,x,,25,,,,,,25,,,17,,,x,x,Autorenew options only apply to registrars,x,x,Autorenew options only apply to registrars,x,x,Autorenew options only apply to registrars,121,,Assume always goes to Active,x,x,,313,,Assume becomes active,386,,,11,,,x,x,
28,,Y,,B,N,N,D,VM,,x,x,,x,x,,x,x,,x,x,,x,x,,x,x,,26,,,29,,,x,x,,x,x,,x,x,,x,x,,x,x,,385,,,x,x,,25,,,x,x,Payment cannot be taken for Vol. NRP domains,,,,25,,,17,,,x,x,Autorenew options only apply to registrars,x,x,Autorenew options only apply to registrars,x,x,Autorenew options only apply to registrars,121,,Assume always goes to Active,x,x,,x,x,Vol NRP can't change holder,386,,,12,,,x,x,
29,,Y,,B,N,N,D,VS,,x,x,,x,x,,x,x,,x,x,,x,x,,x,x,,26,,,x,x,,385,,,x,x,,x,x,,x,x,,x,x,,385,,,x,x,,25,,,x,x,Payment cannot be taken for Vol. NRP domains,,,,25,,,17,,,x,x,Autorenew options only apply to registrars,x,x,Autorenew options only apply to registrars,x,x,Autorenew options only apply to registrars,121,,Assume always goes to Active,x,x,,x,x,Vol NRP can't change holder,386,,,13,,,x,x,
30,385,N,Only one DELETED state required,B,N,N,D,D,,,,,,,,,,,,,,,,,,,,,,,,,,,,,,,,,,,,,,,,,,,,,,,,,,,,,,,,,,,,,,,,,,,,,,,,,,,,,,,,,,,,,,,,
31,,N,"GIBO statuses (P,T) only applicable to Registrars",B,N,N,D,P,,,,,,,,,,,,,,,,,,,,,,,,,,,,,,,,,,,,,,,,,,,,,,,,,,,,,,,,,,,,,,,,,,,,,,,,,,,,,,,,,,,,,,,,
32,,N,"GIBO statuses (P,T) only applicable to Registrars",B,N,N,D,T,,,,,,,,,,,,,,,,,,,,,,,,,,,,,,,,,,,,,,,,,,,,,,,,,,,,,,,,,,,,,,,,,,,,,,,,,,,,,,,,,,,,,,,,
33,,Y,,B,R,Y,R,A,,x,x,,x,x,,x,x,,x,x,,x,x,,x,x,,2,,Don't autorenew disputed domains,x,x,,x,x,,x,x,,x,x,,x,x,,x,x,,x,x,Don't delete disputed domains,x,x,Can't put disputed domain voluntarily into NRP,x,x,,33,,,,,,x,x,No transfers of disputed domains,x,x,No transfers of disputed domains,65,,,1,,,x,x,,x,x,No holder changes to disputed domains,x,x,,x,x,No holder changes to disputed domains,x,x,No holder changes to disputed domains,x,x,,49,,
34,,Y,,B,R,Y,R,IM,,x,x,,x,x,,x,x,,x,x,,x,x,,x,x,,x,x,,35,,,x,x,,x,x,,x,x,,x,x,,x,x,,x,x,Don't delete disputed domains,x,x,,x,x,,33,,,,,,x,x,No transfers of disputed domains,x,x,No transfers of disputed domains,66,,,2,,,x,x,,x,x,No holder changes to disputed domains,x,x,,x,x,No holder changes to disputed domains,x,x,No holder changes to disputed domains,x,x,,50,,
35,,Y,,B,R,Y,R,IS,,x,x,,x,x,,x,x,,x,x,,x,x,,x,x,,x,x,,x,x,,x,x,Don't delete disputed domains,x,x,,x,x,,x,x,,x,x,,x,x,Don't delete disputed domains,x,x,,x,x,,33,,,,,,x,x,No transfers of disputed domains,x,x,No transfers of disputed domains,67,,,3,,,x,x,,x,x,No holder changes to disputed domains,x,x,,x,x,No holder changes to disputed domains,x,x,No holder changes to disputed domains,x,x,,51,,
36,,Y,,B,R,Y,R,VM,,x,x,,x,x,,x,x,,x,x,,x,x,,x,x,,x,x,Don't autorenew voluntary NRP,37,,,x,x,,x,x,,x,x,,x,x,,x,x,,x,x,Don't delete disputed domains,x,x,,x,x,A domain that is in voluntary NRP at the point that a WIPO dispute arises is allowed to complete to deletion,x,x,Payment cannot be taken for Vol. NRP domains,,,,x,x,No transfers of disputed domains,x,x,No transfers of disputed domains,x,x,Vol NRP precludes autorenew,x,x,Vol NRP precludes autorenew,x,x,Vol NRP precludes autorenew,x,x,No holder changes to disputed domains,x,x,,x,x,No holder changes to disputed domains,x,x,No holder changes to disputed domains,x,x,,52,,
37,,Y,,B,R,Y,R,VS,,x,x,,x,x,,x,x,,x,x,,x,x,,x,x,,x,x,Don't autorenew voluntary NRP,x,x,,x,x,Don't delete disputed domains,x,x,,x,x,,x,x,,x,x,,x,x,Don't delete disputed domains,x,x,,x,x,A domain that is in voluntary NRP at the point that a WIPO dispute arises is allowed to complete to deletion,x,x,Payment cannot be taken for Vol. NRP domains,,,,x,x,No transfers of disputed domains,x,x,No transfers of disputed domains,x,x,Vol NRP precludes autorenew,x,x,Vol NRP precludes autorenew,x,x,Vol NRP precludes autorenew,x,x,No holder changes to disputed domains,x,x,,x,x,No holder changes to disputed domains,x,x,No holder changes to disputed domains,x,x,,53,,
38,385,N,Only one DELETED state required,B,R,Y,R,D,,,,,,,,,,,,,,,,,,,,,,,,,,,,,,,,,,,,,,,,,,,,,,,,,,,,,,,,,,,,,,,,,,,,,,,,,,,,,,,,,,,,,,,,
39,,Y,,B,R,Y,R,P,,x,x,,x,x,,x,x,,x,x,,x,x,,x,x,,2,,,x,x,,x,x,,33,x,,385,x,,40,SetGIBORetryTimeout,,x,x,,x,x,Don't delete disputed domains,x,x,,x,x,,x,x,,,,,x,x,No transfers of disputed domains,x,x,No transfers of disputed domains,71,,,7,,,x,x,,x,x,No holder changes to disputed domains,x,x,,x,x,No holder changes to disputed domains,x,x,No holder changes to disputed domains,x,x,,55,,
40,,Y,,B,R,Y,R,T,,x,x,,x,x,,x,x,,x,x,,x,x,,x,x,,2,,,x,x,,x,x,,x,x,,x,x,,x,x,,385,x,,x,x,Don't delete disputed domains,x,x,,x,x,,33,x,,,,,x,x,No transfers of disputed domains,x,x,No transfers of disputed domains,72,,,8,,,x,x,,x,x,No holder changes to disputed domains,x,x,,x,x,No holder changes to disputed domains,x,x,No holder changes to disputed domains,x,x,,56,,
41,,N,Renewal options don't apply to directs,B,R,Y,D,A,,,,,,,,,,,,,,,,,,,,,,,,,,,,,,,,,,,,,,,,,,,,,,,,,,,,,,,,,,,,,,,,,,,,,,,,,,,,,,,,,,,,,,,,
42,,N,Renewal options don't apply to directs,B,R,Y,D,IM,,,,,,,,,,,,,,,,,,,,,,,,,,,,,,,,,,,,,,,,,,,,,,,,,,,,,,,,,,,,,,,,,,,,,,,,,,,,,,,,,,,,,,,,
43,,N,Renewal options don't apply to directs,B,R,Y,D,IS,,,,,,,,,,,,,,,,,,,,,,,,,,,,,,,,,,,,,,,,,,,,,,,,,,,,,,,,,,,,,,,,,,,,,,,,,,,,,,,,,,,,,,,,
44,,N,Renewal options don't apply to directs,B,R,Y,D,VM,,,,,,,,,,,,,,,,,,,,,,,,,,,,,,,,,,,,,,,,,,,,,,,,,,,,,,,,,,,,,,,,,,,,,,,,,,,,,,,,,,,,,,,,
45,,N,Renewal options don't apply to directs,B,R,Y,D,VS,,,,,,,,,,,,,,,,,,,,,,,,,,,,,,,,,,,,,,,,,,,,,,,,,,,,,,,,,,,,,,,,,,,,,,,,,,,,,,,,,,,,,,,,
46,385,N,Only one DELETED state required,B,R,Y,D,D,,,,,,,,,,,,,,,,,,,,,,,,,,,,,,,,,,,,,,,,,,,,,,,,,,,,,,,,,,,,,,,,,,,,,,,,,,,,,,,,,,,,,,,,
47,,N,Renewal options don't apply to directs,B,R,Y,D,P,,,,,,,,,,,,,,,,,,,,,,,,,,,,,,,,,,,,,,,,,,,,,,,,,,,,,,,,,,,,,,,,,,,,,,,,,,,,,,,,,,,,,,,,
48,,N,Renewal options don't apply to directs,B,R,Y,D,T,,,,,,,,,,,,,,,,,,,,,,,,,,,,,,,,,,,,,,,,,,,,,,,,,,,,,,,,,,,,,,,,,,,,,,,,,,,,,,,,,,,,,,,,
49,,Y,,B,R,N,R,A,,x,x,,x,x,,x,x,,x,x,,x,x,,x,x,,17,,What about payment failure?,x,x,,x,x,,x,x,,x,x,,x,x,,x,x,,385,,,52,,,x,x,,49,,,,,,25,,Becomes no auto-renew,17,,,81,,,17,,,x,x,,113,,,x,x,,305,,,386,,,33,,,x,x,
50,,Y,,B,R,N,R,IM,,x,x,,x,x,,x,x,,x,x,,x,x,,x,x,,x,x,,51,,,x,x,,x,x,,x,x,,x,x,,x,x,,385,,,x,x,,x,x,,49,,,,,,25,,Becomes no auto-renew,17,,,82,,,18,,,x,x,,113,,,x,x,,305,,Assume becomes active,386,,,34,,,x,x,
51,,Y,,B,R,N,R,IS,,x,x,,x,x,,x,x,,x,x,,x,x,,x,x,,x,x,,x,x,,385,,,x,x,,x,x,,x,x,,x,x,,385,,,x,x,,x,x,,49,,,,,,25,,Becomes no auto-renew,17,,,83,,,19,,,x,x,,113,,,x,x,,305,,Assume becomes active,386,,,35,,,x,x,
52,,Y,,B,R,N,R,VM,,x,x,,x,x,,x,x,,x,x,,x,x,,x,x,,x,x,Don't autorenew voluntary NRP,53,,,x,x,,x,x,,x,x,,x,x,,x,x,,385,,,x,x,,49,,,x,x,Payment cannot be taken for Vol. NRP domains,,,,25,,Becomes no auto-renew,17,,,x,x,Vol NRP can't change autorenew,x,x,Vol NRP can't change autorenew,x,x,Vol NRP can't change autorenew,113,,,x,x,,x,x,Vol NRP can't change holder,386,,,36,,,x,x,
53,,Y,,B,R,N,R,VS,,x,x,,x,x,,x,x,,x,x,,x,x,,x,x,,x,x,Don't autorenew voluntary NRP,x,x,,385,,,x,x,,x,x,,x,x,,x,x,,385,,,x,x,,49,,,x,x,Payment cannot be taken for Vol. NRP domains,,,,25,,Becomes no auto-renew,17,,,x,x,Vol NRP can't change autorenew,x,x,Vol NRP can't change autorenew,x,x,Vol NRP can't change autorenew,113,,,x,x,,x,x,Vol NRP can't change holder,386,,,37,,,x,x,
54,385,N,Only one DELETED state required,B,R,N,R,D,,,,,,,,,,,,,,,,,,,,,,,,,,,,,,,,,,,,,,,,,,,,,,,,,,,,,,,,,,,,,,,,,,,,,,,,,,,,,,,,,,,,,,,,
55,,Y,,B,R,N,R,P,,x,x,,x,x,,x,x,,x,x,,x,x,,x,x,,55,,"Payment taken, still requires audit. What about payment failure?",x,x,,x,x,,49,x,,385,x,,56,SetGIBORetryTimeout,,x,x,,385,,,x,x,,x,x,,x,x,,,,,25,,Becomes no auto-renew,17,,,87,,,23,,,x,x,,113,,,x,x,,x,x,Can't change holder on pre authorised GIBO,386,,,39,,,x,x,
56,,Y,,B,R,N,R,T,,x,x,,x,x,,x,x,,x,x,,x,x,,x,x,,56,,,x,x,,x,x,,x,x,,x,x,,x,x,,385,x,,385,,,x,x,,x,x,,49,x,,,,,25,,Becomes no auto-renew,17,,,88,,,24,,,x,x,,113,,,x,x,,305,,Assume becomes active,386,,,40,,,x,x,
57,,N,Renewal options don't apply to directs,B,R,N,D,A,,,,,,,,,,,,,,,,,,,,,,,,,,,,,,,,,,,,,,,,,,,,,,,,,,,,,,,,,,,,,,,,,,,,,,,,,,,,,,,,,,,,,,,,
58,,N,Renewal options don't apply to directs,B,R,N,D,IM,,,,,,,,,,,,,,,,,,,,,,,,,,,,,,,,,,,,,,,,,,,,,,,,,,,,,,,,,,,,,,,,,,,,,,,,,,,,,,,,,,,,,,,,
59,,N,Renewal options don't apply to directs,B,R,N,D,IS,,,,,,,,,,,,,,,,,,,,,,,,,,,,,,,,,,,,,,,,,,,,,,,,,,,,,,,,,,,,,,,,,,,,,,,,,,,,,,,,,,,,,,,,
60,,N,Renewal options don't apply to directs,B,R,N,D,VM,,,,,,,,,,,,,,,,,,,,,,,,,,,,,,,,,,,,,,,,,,,,,,,,,,,,,,,,,,,,,,,,,,,,,,,,,,,,,,,,,,,,,,,,
61,,N,Renewal options don't apply to directs,B,R,N,D,VS,,,,,,,,,,,,,,,,,,,,,,,,,,,,,,,,,,,,,,,,,,,,,,,,,,,,,,,,,,,,,,,,,,,,,,,,,,,,,,,,,,,,,,,,
62,385,N,Only one DELETED state required,B,R,N,D,D,,,,,,,,,,,,,,,,,,,,,,,,,,,,,,,,,,,,,,,,,,,,,,,,,,,,,,,,,,,,,,,,,,,,,,,,,,,,,,,,,,,,,,,,
63,,N,Renewal options don't apply to directs,B,R,N,D,P,,,,,,,,,,,,,,,,,,,,,,,,,,,,,,,,,,,,,,,,,,,,,,,,,,,,,,,,,,,,,,,,,,,,,,,,,,,,,,,,,,,,,,,,
64,,N,Renewal options don't apply to directs,B,R,N,D,T,,,,,,,,,,,,,,,,,,,,,,,,,,,,,,,,,,,,,,,,,,,,,,,,,,,,,,,,,,,,,,,,,,,,,,,,,,,,,,,,,,,,,,,,
65,,Y,,B,A,Y,R,A,,x,x,,x,x,,x,x,,x,x,,x,x,,x,x,,2,,Don't autorenew disputed domains,x,x,,x,x,,x,x,,x,x,,x,x,,x,x,,x,x,Don't delete disputed domains,x,x,Can't put disputed domain voluntarily into NRP,x,x,,65,,,,,,x,x,No transfers of disputed domains,x,x,No transfers of disputed domains,x,x,,1,,,33,,,x,x,No holder changes to disputed domains,x,x,,x,x,No holder changes to disputed domains,x,x,No holder changes to disputed domains,x,x,,81,,
66,,Y,,B,A,Y,R,IM,,x,x,,x,x,,x,x,,x,x,,x,x,,x,x,,x,x,,67,,,x,x,,x,x,,x,x,,x,x,,x,x,,x,x,Don't delete disputed domains,x,x,,x,x,,65,,,,,,x,x,No transfers of disputed domains,x,x,No transfers of disputed domains,x,x,,2,,,34,,,x,x,No holder changes to disputed domains,x,x,,x,x,No holder changes to disputed domains,x,x,No holder changes to disputed domains,x,x,,82,,
67,,Y,,B,A,Y,R,IS,,x,x,,x,x,,x,x,,x,x,,x,x,,x,x,,x,x,,x,x,,x,x,Don't delete disputed domains,x,x,,x,x,,x,x,,x,x,,x,x,Don't delete disputed domains,x,x,,x,x,,65,,,,,,x,x,No transfers of disputed domains,x,x,No transfers of disputed domains,x,x,,3,,,35,,,x,x,No holder changes to disputed domains,x,x,,x,x,No holder changes to disputed domains,x,x,No holder changes to disputed domains,x,x,,83,,
68,,Y,,B,A,Y,R,VM,,x,x,,x,x,,x,x,,x,x,,x,x,,x,x,,x,x,,69,,,x,x,,x,x,,x,x,,x,x,,x,x,,x,x,Don't delete disputed domains,x,x,,x,x,A domain that is in voluntary NRP at the point that a WIPO dispute arises is allowed to complete to deletion,x,x,Payment cannot be taken for Vol. NRP domains,,,,x,x,No transfers of disputed domains,x,x,No transfers of disputed domains,x,x,Vol NRP precludes autorenew,x,x,Vol NRP precludes autorenew,x,x,Vol NRP precludes autorenew,x,x,No holder changes to disputed domains,x,x,,x,x,No holder changes to disputed domains,x,x,No holder changes to disputed domains,x,x,,84,,
69,,Y,,B,A,Y,R,VS,,x,x,,x,x,,x,x,,x,x,,x,x,,x,x,,x,x,,x,x,,x,x,Don't delete disputed domains,x,x,,x,x,,x,x,,x,x,,x,x,Don't delete disputed domains,x,x,,x,x,A domain that is in voluntary NRP at the point that a WIPO dispute arises is allowed to complete to deletion,x,x,Payment cannot be taken for Vol. NRP domains,,,,x,x,No transfers of disputed domains,x,x,No transfers of disputed domains,x,x,Vol NRP precludes autorenew,x,x,Vol NRP precludes autorenew,x,x,Vol NRP precludes autorenew,x,x,No holder changes to disputed domains,x,x,,x,x,No holder changes to disputed domains,x,x,No holder changes to disputed domains,x,x,,85,,
70,385,N,Only one DELETED state required,B,A,Y,R,D,,,,,,,,,,,,,,,,,,,,,,,,,,,,,,,,,,,,,,,,,,,,,,,,,,,,,,,,,,,,,,,,,,,,,,,,,,,,,,,,,,,,,,,,
71,,Y,,B,A,Y,R,P,,x,x,,x,x,,x,x,,x,x,,x,x,,x,x,,x,x,,x,x,,x,x,,65,x,,385,x,,72,SetGIBORetryTimeout,,x,x,,x,x,Don't delete disputed domains,x,x,,x,x,,x,x,,,,,x,x,No transfers of disputed domains,x,x,No transfers of disputed domains,x,x,,5,,,39,,,x,x,No holder changes to disputed domains,x,x,,x,x,No holder changes to disputed domains,x,x,No holder changes to disputed domains,x,x,,87,,
72,,Y,,B,A,Y,R,T,,x,x,,x,x,,x,x,,x,x,,x,x,,x,x,,x,x,,x,x,,x,x,,x,x,,x,x,,x,x,,385,x,,x,x,Don't delete disputed domains,x,x,,x,x,,65,,,,,,x,x,No transfers of disputed domains,x,x,No transfers of disputed domains,x,x,,7,,,40,,,x,x,No holder changes to disputed domains,x,x,,x,x,No holder changes to disputed domains,x,x,No holder changes to disputed domains,x,x,,88,,
73,,N,Renewal options don't apply to directs,B,A,Y,D,A,,,,,,,,,,,,,,,,,,,,,,,,,,,,,,,,,,,,,,,,,,,,,,,,,,,,,,,,,,,,,,,,,,,,,,,,,,,,,,,,,,,,,,,,
74,,N,Renewal options don't apply to directs,B,A,Y,D,IM,,,,,,,,,,,,,,,,,,,,,,,,,,,,,,,,,,,,,,,,,,,,,,,,,,,,,,,,,,,,,,,,,,,,,,,,,,,,,,,,,,,,,,,,
75,,N,Renewal options don't apply to directs,B,A,Y,D,IS,,,,,,,,,,,,,,,,,,,,,,,,,,,,,,,,,,,,,,,,,,,,,,,,,,,,,,,,,,,,,,,,,,,,,,,,,,,,,,,,,,,,,,,,
76,,N,Renewal options don't apply to directs,B,A,Y,D,VM,,,,,,,,,,,,,,,,,,,,,,,,,,,,,,,,,,,,,,,,,,,,,,,,,,,,,,,,,,,,,,,,,,,,,,,,,,,,,,,,,,,,,,,,
77,,N,Renewal options don't apply to directs,B,A,Y,D,VS,,,,,,,,,,,,,,,,,,,,,,,,,,,,,,,,,,,,,,,,,,,,,,,,,,,,,,,,,,,,,,,,,,,,,,,,,,,,,,,,,,,,,,,,
78,385,N,Only one DELETED state required,B,A,Y,D,D,,,,,,,,,,,,,,,,,,,,,,,,,,,,,,,,,,,,,,,,,,,,,,,,,,,,,,,,,,,,,,,,,,,,,,,,,,,,,,,,,,,,,,,,
79,,N,Renewal options don't apply to directs,B,A,Y,D,P,,,,,,,,,,,,,,,,,,,,,,,,,,,,,,,,,,,,,,,,,,,,,,,,,,,,,,,,,,,,,,,,,,,,,,,,,,,,,,,,,,,,,,,,
80,,N,Renewal options don't apply to directs,B,A,Y,D,T,,,,,,,,,,,,,,,,,,,,,,,,,,,,,,,,,,,,,,,,,,,,,,,,,,,,,,,,,,,,,,,,,,,,,,,,,,,,,,,,,,,,,,,,
81,,Y,,B,A,N,R,A,,x,x,,x,x,,x,x,,x,x,,x,x,,x,x,,81,,Renewal payment taken. Failure?,x,x,,x,x,,x,x,,x,x,,x,x,,x,x,,385,,,84,,,x,x,,81,,,,,,25,,Becomes no auto-renew,17,,,x,x,,17,,,49,,,113,,,x,x,,305,,,386,,,65,,,x,x,
82,,Y,,B,A,N,R,IM,,x,x,,x,x,,x,x,,x,x,,x,x,,x,x,,x,x,,83,,,x,x,,x,x,,x,x,,x,x,,x,x,,385,,,x,x,,x,x,,81,,,,,,25,,Becomes no auto-renew,17,,,x,x,,18,,,50,,,113,,,x,x,,305,,Assume becomes active,386,,,66,,,x,x,
83,,Y,,B,A,N,R,IS,,x,x,,x,x,,x,x,,x,x,,x,x,,x,x,,x,x,,x,x,,385,,,x,x,,x,x,,x,x,,x,x,,385,,,x,x,,x,x,,81,,,,,,25,,Becomes no auto-renew,17,,,x,x,,19,,,51,,,113,,,x,x,,305,,Assume becomes active,386,,,67,,,x,x,
84,,Y,,B,A,N,R,VM,,x,x,,x,x,,x,x,,x,x,,x,x,,x,x,,x,x,,85,,,x,x,,x,x,,x,x,,x,x,,x,x,,385,,,x,x,,81,,,x,x,Payment cannot be taken for Vol. NRP domains,,,,25,,Becomes no auto-renew,17,,,x,x,Vol NRP can't change autorenew,x,x,Vol NRP can't change autorenew,x,x,Vol NRP can't change autorenew,113,,,x,x,,x,x,Vol NRP can't change holder,386,,,68,,,x,x,
85,,Y,,B,A,N,R,VS,,x,x,,x,x,,x,x,,x,x,,x,x,,x,x,,x,x,,x,x,,385,,,x,x,,x,x,,x,x,,x,x,,385,,,x,x,,81,,,x,x,Payment cannot be taken for Vol. NRP domains,,,,25,,Becomes no auto-renew,17,,,x,x,Vol NRP can't change autorenew,x,x,Vol NRP can't change autorenew,x,x,Vol NRP can't change autorenew,113,,,x,x,,x,x,Vol NRP can't change holder,386,,,69,,,x,x,
86,385,N,Only one DELETED state required,B,A,N,R,D,,,,,,,,,,,,,,,,,,,,,,,,,,,,,,,,,,,,,,,,,,,,,,,,,,,,,,,,,,,,,,,,,,,,,,,,,,,,,,,,,,,,,,,,
87,,Y,,B,A,N,R,P,,x,x,,x,x,,x,x,,x,x,,x,x,,x,x,,87,,Alert?,x,x,,x,x,,81,x,,385,x,,88,SetGIBORetryTimeout,,x,x,,385,,,x,x,,x,x,,x,x,,,,,25,,Becomes no auto-renew,17,,,x,x,,23,,,55,,,113,,,x,x,,x,x,Can't change holder on pre authorised GIBO,386,,,71,,,x,x,
88,,Y,,B,A,N,R,T,,x,x,,x,x,,x,x,,x,x,,x,x,,x,x,,88,,Alert?,x,x,,x,x,,x,x,,x,x,,x,x,,385,x,,385,,,x,x,,x,x,,81,,,,,,25,,Becomes no auto-renew,17,,,x,x,,24,,,56,,,113,,,x,x,,305,,Assume becomes active,386,,,72,,,x,x,
89,,N,Renewal options don't apply to directs,B,A,N,D,A,,,,,,,,,,,,,,,,,,,,,,,,,,,,,,,,,,,,,,,,,,,,,,,,,,,,,,,,,,,,,,,,,,,,,,,,,,,,,,,,,,,,,,,,
90,,N,Renewal options don't apply to directs,B,A,N,D,IM,,,,,,,,,,,,,,,,,,,,,,,,,,,,,,,,,,,,,,,,,,,,,,,,,,,,,,,,,,,,,,,,,,,,,,,,,,,,,,,,,,,,,,,,
91,,N,Renewal options don't apply to directs,B,A,N,D,IS,,,,,,,,,,,,,,,,,,,,,,,,,,,,,,,,,,,,,,,,,,,,,,,,,,,,,,,,,,,,,,,,,,,,,,,,,,,,,,,,,,,,,,,,
92,,N,Renewal options don't apply to directs,B,A,N,D,VM,,,,,,,,,,,,,,,,,,,,,,,,,,,,,,,,,,,,,,,,,,,,,,,,,,,,,,,,,,,,,,,,,,,,,,,,,,,,,,,,,,,,,,,,
93,,N,Renewal options don't apply to directs,B,A,N,D,VS,,,,,,,,,,,,,,,,,,,,,,,,,,,,,,,,,,,,,,,,,,,,,,,,,,,,,,,,,,,,,,,,,,,,,,,,,,,,,,,,,,,,,,,,
94,385,N,Only one DELETED state required,B,A,N,D,D,,,,,,,,,,,,,,,,,,,,,,,,,,,,,,,,,,,,,,,,,,,,,,,,,,,,,,,,,,,,,,,,,,,,,,,,,,,,,,,,,,,,,,,,
95,,N,Renewal options don't apply to directs,B,A,N,D,P,,,,,,,,,,,,,,,,,,,,,,,,,,,,,,,,,,,,,,,,,,,,,,,,,,,,,,,,,,,,,,,,,,,,,,,,,,,,,,,,,,,,,,,,
96,,N,Renewal options don't apply to directs,B,A,N,D,T,,,,,,,,,,,,,,,,,,,,,,,,,,,,,,,,,,,,,,,,,,,,,,,,,,,,,,,,,,,,,,,,,,,,,,,,,,,,,,,,,,,,,,,,
97,,Y,,C,N,Y,R,A,,x,x,,x,x,,x,x,,x,x,,x,x,,x,x,,97,,Roll date forward,x,x,,x,x,,x,x,,x,x,,x,x,,x,x,,x,x,Don't delete disputed domains,x,x,Can't put disputed domain voluntarily into NRP,x,x,,x,x,,,,,x,x,No transfers of disputed domains,x,x,No transfers of disputed domains,x,x,No autorenew for charities,x,x,No autorenew for charities,x,x,No autorenew for charities,x,x,,x,x,No holder changes to disputed domains,x,x,No holder changes to disputed domains,x,x,No holder changes to disputed domains,x,x,,113,,
98,,N,Involuntary NPR doesn't apply to charities,C,N,Y,R,IM,,,,,,,,,,,,,,,,,,,,,,,,,,,,,,,,,,,,,,,,,,,,,,,,,,,,,,,,,,,,,,,,,,,,,,,,,,,,,,,,,,,,,,,,
99,,N,Involuntary NPR doesn't apply to charities,C,N,Y,R,IS,,,,,,,,,,,,,,,,,,,,,,,,,,,,,,,,,,,,,,,,,,,,,,,,,,,,,,,,,,,,,,,,,,,,,,,,,,,,,,,,,,,,,,,,
100,,Y,,C,N,Y,R,VM,,x,x,,x,x,,x,x,,x,x,,x,x,,x,x,,100,,,101,,,x,x,,x,x,,x,x,,x,x,,x,x,,x,x,Don't delete disputed domains,x,x,,x,x,A domain that is in voluntary NRP at the point that a WIPO dispute arises is allowed to complete to deletion,x,x,Payment cannot be taken for Vol. NRP domains,,,,x,x,No transfers of disputed domains,x,x,No transfers of disputed domains,x,x,No autorenew for charities,x,x,No autorenew for charities,x,x,No autorenew for charities,x,x,,x,x,No holder changes to disputed domains,x,x,No holder changes to disputed domains,x,x,No holder changes to disputed domains,x,x,,116,,
101,,Y,,C,N,Y,R,VS,,x,x,,x,x,,x,x,,x,x,,x,x,,x,x,,101,,,x,x,,x,x,Don't delete disputed domains,x,x,,x,x,,x,x,,x,x,,x,x,Don't delete disputed domains,x,x,,x,x,A domain that is in voluntary NRP at the point that a WIPO dispute arises is allowed to complete to deletion,x,x,Payment cannot be taken for Vol. NRP domains,,,,x,x,No transfers of disputed domains,x,x,No transfers of disputed domains,x,x,No autorenew for charities,x,x,No autorenew for charities,x,x,No autorenew for charities,x,x,,x,x,No holder changes to disputed domains,x,x,No holder changes to disputed domains,x,x,No holder changes to disputed domains,x,x,,117,,
102,385,N,Only one DELETED state required,C,N,Y,R,D,,,,,,,,,,,,,,,,,,,,,,,,,,,,,,,,,,,,,,,,,,,,,,,,,,,,,,,,,,,,,,,,,,,,,,,,,,,,,,,,,,,,,,,,
103,,N,Charities not GIBO registered,C,N,Y,R,P,,x,x,,x,x,,x,x,,x,x,,x,x,,x,x,,x,x,,x,x,,x,x,,97,,,385,,,x,x,,x,x,,x,x,Don't delete disputed domains,x,x,,x,x,,x,x,,,,,x,x,No transfers of disputed domains,x,x,No transfers of disputed domains,x,x,No autorenew for charities,x,x,No autorenew for charities,x,x,No autorenew for charities,x,x,,x,x,No holder changes to disputed domains,x,x,No holder changes to disputed domains,x,x,No holder changes to disputed domains,,,,,,
104,,N,Charities not GIBO registered,C,N,Y,R,T,,x,x,,x,x,,x,x,,x,x,,x,x,,x,x,,x,x,,x,x,,x,x,,x,x,,x,x,,x,x,,385,,,x,x,Don't delete disputed domains,x,x,,x,x,,x,x,,,,,x,x,No transfers of disputed domains,x,x,No transfers of disputed domains,x,x,No autorenew for charities,x,x,No autorenew for charities,x,x,No autorenew for charities,x,x,,x,x,No holder changes to disputed domains,x,x,No holder changes to disputed domains,x,x,No holder changes to disputed domains,,,,,,
105,,Y,,C,N,Y,D,A,,x,x,,x,x,,x,x,,x,x,,x,x,,x,x,,105,,Roll renewal date forward,x,x,,x,x,,x,x,,x,x,,x,x,,x,x,,x,x,Don't delete disputed domains,x,x,Can't put disputed domain voluntarily into NRP,x,x,,x,x,,,,,x,x,No transfers of disputed domains,x,x,No transfers of disputed domains,x,x,No autorenew for charities,x,x,No autorenew for charities,x,x,No autorenew for charities,x,x,,x,x,No holder changes to disputed domains,x,x,No holder changes to disputed domains,x,x,No holder changes to disputed domains,x,x,,121,,
106,,N,Involuntary NPR doesn't apply to charities,C,N,Y,D,IM,,,,,,,,,,,,,,,,,,,,,,,,,,,,,,,,,,,,,,,,,,,,,,,,,,,,,,,,,,,,,,,,,,,,,,,,,,,,,,,,,,,,,,,,
107,,N,Involuntary NPR doesn't apply to charities,C,N,Y,D,IS,,,,,,,,,,,,,,,,,,,,,,,,,,,,,,,,,,,,,,,,,,,,,,,,,,,,,,,,,,,,,,,,,,,,,,,,,,,,,,,,,,,,,,,,
108,,Y,,C,N,Y,D,VM,,x,x,,x,x,,x,x,,x,x,,x,x,,x,x,,x,x,,109,,,x,x,,x,x,,x,x,,x,x,,x,x,,x,x,Don't delete disputed domains,x,x,,x,x,A domain that is in voluntary NRP at the point that a WIPO dispute arises is allowed to complete to deletion,x,x,Payment cannot be taken for Vol. NRP domains,,,,x,x,No transfers of disputed domains,x,x,No transfers of disputed domains,x,x,No autorenew for charities,x,x,No autorenew for charities,x,x,No autorenew for charities,x,x,,x,x,No holder changes to disputed domains,x,x,No holder changes to disputed domains,x,x,No holder changes to disputed domains,x,x,,124,,
109,,Y,,C,N,Y,D,VS,,x,x,,x,x,,x,x,,x,x,,x,x,,x,x,,x,x,,x,x,,x,x,Don't delete disputed domains,x,x,,x,x,,x,x,,x,x,,x,x,Don't delete disputed domains,x,x,,x,x,A domain that is in voluntary NRP at the point that a WIPO dispute arises is allowed to complete to deletion,x,x,Payment cannot be taken for Vol. NRP domains,,,,x,x,No transfers of disputed domains,x,x,No transfers of disputed domains,x,x,No autorenew for charities,x,x,No autorenew for charities,x,x,No autorenew for charities,x,x,,x,x,No holder changes to disputed domains,x,x,No holder changes to disputed domains,x,x,No holder changes to disputed domains,x,x,,125,,
110,385,N,Only one DELETED state required,C,N,Y,D,D,,,,,,,,,,,,,,,,,,,,,,,,,,,,,,,,,,,,,,,,,,,,,,,,,,,,,,,,,,,,,,,,,,,,,,,,,,,,,,,,,,,,,,,,
111,,N,"GIBO statuses (P,T) only applicable to Registrars",C,N,Y,D,P,,,,,,,,,,,,,,,,,,,,,,,,,,,,,,,,,,,,,,,,,,,,,,,,,,,,,,,,,,,,,,,,,,,,,,,,,,,,,,,,,,,,,,,,
112,,N,"GIBO statuses (P,T) only applicable to Registrars",C,N,Y,D,T,,,,,,,,,,,,,,,,,,,,,,,,,,,,,,,,,,,,,,,,,,,,,,,,,,,,,,,,,,,,,,,,,,,,,,,,,,,,,,,,,,,,,,,,
113,,Y,,C,N,N,R,A,,x,x,,x,x,,x,x,,x,x,,x,x,,x,x,,113,,Roll renewal date forward,x,x,,x,x,,x,x,,x,x,,x,x,,x,x,,385,,,116,,,x,x,,x,x,,,,,121,,,113,,,x,x,No autorenew for charities,x,x,No autorenew for charities,x,x,No autorenew for charities,x,x,,17,,,305,,,386,,,97,,,x,x,
114,,N,Involuntary NPR doesn't apply to charities,C,N,N,R,IM,,,,,,,,,,,,,,,,,,,,,,,,,,,,,,,,,,,,,,,,,,,,,,,,,,,,,,,,,,,,,,,,,,,,,,,,,,,,,,,,,,,,,,,,
115,,N,Involuntary NPR doesn't apply to charities,C,N,N,R,IS,,,,,,,,,,,,,,,,,,,,,,,,,,,,,,,,,,,,,,,,,,,,,,,,,,,,,,,,,,,,,,,,,,,,,,,,,,,,,,,,,,,,,,,,
116,,Y,,C,N,N,R,VM,,x,x,,x,x,,x,x,,x,x,,x,x,,x,x,,x,x,,117,,,x,x,,x,x,,x,x,,x,x,,x,x,,385,,,x,x,,113,,,x,x,Payment cannot be taken for Vol. NRP domains,,,,121,,,113,,,x,x,No autorenew for charities,x,x,No autorenew for charities,x,x,No autorenew for charities,x,x,,x,x,Vol NRP can't change holder,x,x,Vol NRP can't change holder,386,,,100,,,x,x,
117,,Y,,C,N,N,R,VS,,x,x,,x,x,,x,x,,x,x,,x,x,,x,x,,x,x,,x,x,,385,,,x,x,,x,x,,x,x,,x,x,,385,,,x,x,,113,,,x,x,Payment cannot be taken for Vol. NRP domains,,,,121,,,113,,,x,x,No autorenew for charities,x,x,No autorenew for charities,x,x,No autorenew for charities,x,x,,x,x,Vol NRP can't change holder,x,x,Vol NRP can't change holder,386,,,101,,,x,x,
118,385,N,Only one DELETED state required,C,N,N,R,D,,,,,,,,,,,,,,,,,,,,,,,,,,,,,,,,,,,,,,,,,,,,,,,,,,,,,,,,,,,,,,,,,,,,,,,,,,,,,,,,,,,,,,,,
119,,N,Charities not GIBO registered,C,N,N,R,P,,x,x,,x,x,,x,x,,x,x,,x,x,,x,x,,x,x,,x,x,,x,x,,113,,,385,,,x,x,,x,x,,385,,,x,x,Can charities be registered by GIBO?,x,x,,x,x,,,,,121,,,113,,,x,x,No autorenew for charities,x,x,No autorenew for charities,x,x,No autorenew for charities,x,x,,x,x,,,,,,,,,,,,,
120,,N,Charities not GIBO registered,C,N,N,R,T,,x,x,,x,x,,x,x,,x,x,,x,x,,x,x,,x,x,,x,x,,x,x,,x,x,,x,x,,x,x,,385,,,385,,,x,x,,x,x,,x,x,,,,,121,,,113,,,x,x,No autorenew for charities,x,x,No autorenew for charities,x,x,No autorenew for charities,x,x,,x,x,,,,,,,,,,,,,
121,,Y,,C,N,N,D,A,,x,x,,x,x,,x,x,,x,x,,x,x,,x,x,,121,,Roll forward renewal date,x,x,,x,x,,x,x,,x,x,,x,x,,x,x,,385,,,124,,,x,x,,x,x,,,,,121,,,113,,,x,x,No autorenew for charities,x,x,No autorenew for charities,x,x,No autorenew for charities,x,x,,25,,,313,,,386,,,105,,,x,x,
122,,N,Involuntary NPR doesn't apply to charities,C,N,N,D,IM,,,,,,,,,,,,,,,,,,,,,,,,,,,,,,,,,,,,,,,,,,,,,,,,,,,,,,,,,,,,,,,,,,,,,,,,,,,,,,,,,,,,,,,,
123,,N,Involuntary NPR doesn't apply to charities,C,N,N,D,IS,,,,,,,,,,,,,,,,,,,,,,,,,,,,,,,,,,,,,,,,,,,,,,,,,,,,,,,,,,,,,,,,,,,,,,,,,,,,,,,,,,,,,,,,
124,,Y,,C,N,N,D,VM,,x,x,,x,x,,x,x,,x,x,,x,x,,x,x,,x,x,,125,,,x,x,,x,x,,x,x,,x,x,,x,x,,385,,,x,x,,121,,,x,x,Payment cannot be taken for Vol. NRP domains,,,,121,,,113,,,x,x,No autorenew for charities,x,x,No autorenew for charities,x,x,No autorenew for charities,x,x,,x,x,Vol NRP can't change holder,x,x,Vol NRP can't change holder,386,,,108,,,x,x,
125,,Y,,C,N,N,D,VS,,x,x,,x,x,,x,x,,x,x,,x,x,,x,x,,x,x,,x,x,,385,,,x,x,,x,x,,x,x,,x,x,,385,,,x,x,,121,,,x,x,Payment cannot be taken for Vol. NRP domains,,,,121,,,113,,,x,x,No autorenew for charities,x,x,No autorenew for charities,x,x,No autorenew for charities,x,x,,x,x,Vol NRP can't change holder,x,x,Vol NRP can't change holder,386,,,109,,,x,x,
126,385,N,Only one DELETED state required,C,N,N,D,D,,,,,,,,,,,,,,,,,,,,,,,,,,,,,,,,,,,,,,,,,,,,,,,,,,,,,,,,,,,,,,,,,,,,,,,,,,,,,,,,,,,,,,,,
127,,N,"GIBO statuses (P,T) only applicable to Registrars",C,N,N,D,P,,,,,,,,,,,,,,,,,,,,,,,,,,,,,,,,,,,,,,,,,,,,,,,,,,,,,,,,,,,,,,,,,,,,,,,,,,,,,,,,,,,,,,,,
128,,N,"GIBO statuses (P,T) only applicable to Registrars",C,N,N,D,T,,,,,,,,,,,,,,,,,,,,,,,,,,,,,,,,,,,,,,,,,,,,,,,,,,,,,,,,,,,,,,,,,,,,,,,,,,,,,,,,,,,,,,,,
129,,N,Chartities don't require renewal options,C,R,Y,R,A,,,,,,,,,,,,,,,,,,,,,,,,,,,,,,,,,,,,,,,,,,,,,,,,,,,,,,,,,,,,,,,,,,,,,,,,,,,,,,,,,,,,,,,,
130,,N,Chartities don't require renewal options,C,R,Y,R,IM,,,,,,,,,,,,,,,,,,,,,,,,,,,,,,,,,,,,,,,,,,,,,,,,,,,,,,,,,,,,,,,,,,,,,,,,,,,,,,,,,,,,,,,,
131,,N,Chartities don't require renewal options,C,R,Y,R,IS,,,,,,,,,,,,,,,,,,,,,,,,,,,,,,,,,,,,,,,,,,,,,,,,,,,,,,,,,,,,,,,,,,,,,,,,,,,,,,,,,,,,,,,,
132,,N,Chartities don't require renewal options,C,R,Y,R,VM,,,,,,,,,,,,,,,,,,,,,,,,,,,,,,,,,,,,,,,,,,,,,,,,,,,,,,,,,,,,,,,,,,,,,,,,,,,,,,,,,,,,,,,,
133,,N,Chartities don't require renewal options,C,R,Y,R,VS,,,,,,,,,,,,,,,,,,,,,,,,,,,,,,,,,,,,,,,,,,,,,,,,,,,,,,,,,,,,,,,,,,,,,,,,,,,,,,,,,,,,,,,,
134,385,N,Only one DELETED state required,C,R,Y,R,D,,,,,,,,,,,,,,,,,,,,,,,,,,,,,,,,,,,,,,,,,,,,,,,,,,,,,,,,,,,,,,,,,,,,,,,,,,,,,,,,,,,,,,,,
135,,N,Chartities don't require renewal options,C,R,Y,R,P,,,,,,,,,,,,,,,,,,,,,,,,,,,,,,,,,,,,,,,,,,,,,,,,,,,,,,,,,,,,,,,,,,,,,,,,,,,,,,,,,,,,,,,,
136,,N,Chartities don't require renewal options,C,R,Y,R,T,,,,,,,,,,,,,,,,,,,,,,,,,,,,,,,,,,,,,,,,,,,,,,,,,,,,,,,,,,,,,,,,,,,,,,,,,,,,,,,,,,,,,,,,
137,,N,Chartities don't require renewal options,C,R,Y,D,A,,,,,,,,,,,,,,,,,,,,,,,,,,,,,,,,,,,,,,,,,,,,,,,,,,,,,,,,,,,,,,,,,,,,,,,,,,,,,,,,,,,,,,,,
138,,N,Chartities don't require renewal options,C,R,Y,D,IM,,,,,,,,,,,,,,,,,,,,,,,,,,,,,,,,,,,,,,,,,,,,,,,,,,,,,,,,,,,,,,,,,,,,,,,,,,,,,,,,,,,,,,,,
139,,N,Chartities don't require renewal options,C,R,Y,D,IS,,,,,,,,,,,,,,,,,,,,,,,,,,,,,,,,,,,,,,,,,,,,,,,,,,,,,,,,,,,,,,,,,,,,,,,,,,,,,,,,,,,,,,,,
140,,N,Chartities don't require renewal options,C,R,Y,D,VM,,,,,,,,,,,,,,,,,,,,,,,,,,,,,,,,,,,,,,,,,,,,,,,,,,,,,,,,,,,,,,,,,,,,,,,,,,,,,,,,,,,,,,,,
141,,N,Chartities don't require renewal options,C,R,Y,D,VS,,,,,,,,,,,,,,,,,,,,,,,,,,,,,,,,,,,,,,,,,,,,,,,,,,,,,,,,,,,,,,,,,,,,,,,,,,,,,,,,,,,,,,,,
142,385,N,Only one DELETED state required,C,R,Y,D,D,,,,,,,,,,,,,,,,,,,,,,,,,,,,,,,,,,,,,,,,,,,,,,,,,,,,,,,,,,,,,,,,,,,,,,,,,,,,,,,,,,,,,,,,
143,,N,Chartities don't require renewal options,C,R,Y,D,P,,,,,,,,,,,,,,,,,,,,,,,,,,,,,,,,,,,,,,,,,,,,,,,,,,,,,,,,,,,,,,,,,,,,,,,,,,,,,,,,,,,,,,,,
144,,N,Chartities don't require renewal options,C,R,Y,D,T,,,,,,,,,,,,,,,,,,,,,,,,,,,,,,,,,,,,,,,,,,,,,,,,,,,,,,,,,,,,,,,,,,,,,,,,,,,,,,,,,,,,,,,,
145,,N,Chartities don't require renewal options,C,R,N,R,A,,,,,,,,,,,,,,,,,,,,,,,,,,,,,,,,,,,,,,,,,,,,,,,,,,,,,,,,,,,,,,,,,,,,,,,,,,,,,,,,,,,,,,,,
146,,N,Chartities don't require renewal options,C,R,N,R,IM,,,,,,,,,,,,,,,,,,,,,,,,,,,,,,,,,,,,,,,,,,,,,,,,,,,,,,,,,,,,,,,,,,,,,,,,,,,,,,,,,,,,,,,,
147,,N,Chartities don't require renewal options,C,R,N,R,IS,,,,,,,,,,,,,,,,,,,,,,,,,,,,,,,,,,,,,,,,,,,,,,,,,,,,,,,,,,,,,,,,,,,,,,,,,,,,,,,,,,,,,,,,
148,,N,Chartities don't require renewal options,C,R,N,R,VM,,,,,,,,,,,,,,,,,,,,,,,,,,,,,,,,,,,,,,,,,,,,,,,,,,,,,,,,,,,,,,,,,,,,,,,,,,,,,,,,,,,,,,,,
149,,N,Chartities don't require renewal options,C,R,N,R,VS,,,,,,,,,,,,,,,,,,,,,,,,,,,,,,,,,,,,,,,,,,,,,,,,,,,,,,,,,,,,,,,,,,,,,,,,,,,,,,,,,,,,,,,,
150,385,N,Only one DELETED state required,C,R,N,R,D,,,,,,,,,,,,,,,,,,,,,,,,,,,,,,,,,,,,,,,,,,,,,,,,,,,,,,,,,,,,,,,,,,,,,,,,,,,,,,,,,,,,,,,,
151,,N,Chartities don't require renewal options,C,R,N,R,P,,,,,,,,,,,,,,,,,,,,,,,,,,,,,,,,,,,,,,,,,,,,,,,,,,,,,,,,,,,,,,,,,,,,,,,,,,,,,,,,,,,,,,,,
152,,N,Chartities don't require renewal options,C,R,N,R,T,,,,,,,,,,,,,,,,,,,,,,,,,,,,,,,,,,,,,,,,,,,,,,,,,,,,,,,,,,,,,,,,,,,,,,,,,,,,,,,,,,,,,,,,
153,,N,Chartities don't require renewal options,C,R,N,D,A,,,,,,,,,,,,,,,,,,,,,,,,,,,,,,,,,,,,,,,,,,,,,,,,,,,,,,,,,,,,,,,,,,,,,,,,,,,,,,,,,,,,,,,,
154,,N,Chartities don't require renewal options,C,R,N,D,IM,,,,,,,,,,,,,,,,,,,,,,,,,,,,,,,,,,,,,,,,,,,,,,,,,,,,,,,,,,,,,,,,,,,,,,,,,,,,,,,,,,,,,,,,
155,,N,Chartities don't require renewal options,C,R,N,D,IS,,,,,,,,,,,,,,,,,,,,,,,,,,,,,,,,,,,,,,,,,,,,,,,,,,,,,,,,,,,,,,,,,,,,,,,,,,,,,,,,,,,,,,,,
156,,N,Chartities don't require renewal options,C,R,N,D,VM,,,,,,,,,,,,,,,,,,,,,,,,,,,,,,,,,,,,,,,,,,,,,,,,,,,,,,,,,,,,,,,,,,,,,,,,,,,,,,,,,,,,,,,,
157,,N,Chartities don't require renewal options,C,R,N,D,VS,,,,,,,,,,,,,,,,,,,,,,,,,,,,,,,,,,,,,,,,,,,,,,,,,,,,,,,,,,,,,,,,,,,,,,,,,,,,,,,,,,,,,,,,
158,385,N,Only one DELETED state required,C,R,N,D,D,,,,,,,,,,,,,,,,,,,,,,,,,,,,,,,,,,,,,,,,,,,,,,,,,,,,,,,,,,,,,,,,,,,,,,,,,,,,,,,,,,,,,,,,
159,,N,Chartities don't require renewal options,C,R,N,D,P,,,,,,,,,,,,,,,,,,,,,,,,,,,,,,,,,,,,,,,,,,,,,,,,,,,,,,,,,,,,,,,,,,,,,,,,,,,,,,,,,,,,,,,,
160,,N,Chartities don't require renewal options,C,R,N,D,T,,,,,,,,,,,,,,,,,,,,,,,,,,,,,,,,,,,,,,,,,,,,,,,,,,,,,,,,,,,,,,,,,,,,,,,,,,,,,,,,,,,,,,,,
161,,N,Chartities don't require renewal options,C,A,Y,R,A,,,,,,,,,,,,,,,,,,,,,,,,,,,,,,,,,,,,,,,,,,,,,,,,,,,,,,,,,,,,,,,,,,,,,,,,,,,,,,,,,,,,,,,,
162,,N,Chartities don't require renewal options,C,A,Y,R,IM,,,,,,,,,,,,,,,,,,,,,,,,,,,,,,,,,,,,,,,,,,,,,,,,,,,,,,,,,,,,,,,,,,,,,,,,,,,,,,,,,,,,,,,,
163,,N,Chartities don't require renewal options,C,A,Y,R,IS,,,,,,,,,,,,,,,,,,,,,,,,,,,,,,,,,,,,,,,,,,,,,,,,,,,,,,,,,,,,,,,,,,,,,,,,,,,,,,,,,,,,,,,,
164,,N,Chartities don't require renewal options,C,A,Y,R,VM,,,,,,,,,,,,,,,,,,,,,,,,,,,,,,,,,,,,,,,,,,,,,,,,,,,,,,,,,,,,,,,,,,,,,,,,,,,,,,,,,,,,,,,,
165,,N,Chartities don't require renewal options,C,A,Y,R,VS,,,,,,,,,,,,,,,,,,,,,,,,,,,,,,,,,,,,,,,,,,,,,,,,,,,,,,,,,,,,,,,,,,,,,,,,,,,,,,,,,,,,,,,,
166,385,N,Only one DELETED state required,C,A,Y,R,D,,,,,,,,,,,,,,,,,,,,,,,,,,,,,,,,,,,,,,,,,,,,,,,,,,,,,,,,,,,,,,,,,,,,,,,,,,,,,,,,,,,,,,,,
167,,N,Chartities don't require renewal options,C,A,Y,R,P,,,,,,,,,,,,,,,,,,,,,,,,,,,,,,,,,,,,,,,,,,,,,,,,,,,,,,,,,,,,,,,,,,,,,,,,,,,,,,,,,,,,,,,,
168,,N,Chartities don't require renewal options,C,A,Y,R,T,,,,,,,,,,,,,,,,,,,,,,,,,,,,,,,,,,,,,,,,,,,,,,,,,,,,,,,,,,,,,,,,,,,,,,,,,,,,,,,,,,,,,,,,
169,,N,Chartities don't require renewal options,C,A,Y,D,A,,,,,,,,,,,,,,,,,,,,,,,,,,,,,,,,,,,,,,,,,,,,,,,,,,,,,,,,,,,,,,,,,,,,,,,,,,,,,,,,,,,,,,,,
170,,N,Chartities don't require renewal options,C,A,Y,D,IM,,,,,,,,,,,,,,,,,,,,,,,,,,,,,,,,,,,,,,,,,,,,,,,,,,,,,,,,,,,,,,,,,,,,,,,,,,,,,,,,,,,,,,,,
171,,N,Chartities don't require renewal options,C,A,Y,D,IS,,,,,,,,,,,,,,,,,,,,,,,,,,,,,,,,,,,,,,,,,,,,,,,,,,,,,,,,,,,,,,,,,,,,,,,,,,,,,,,,,,,,,,,,
172,,N,Chartities don't require renewal options,C,A,Y,D,VM,,,,,,,,,,,,,,,,,,,,,,,,,,,,,,,,,,,,,,,,,,,,,,,,,,,,,,,,,,,,,,,,,,,,,,,,,,,,,,,,,,,,,,,,
173,,N,Chartities don't require renewal options,C,A,Y,D,VS,,,,,,,,,,,,,,,,,,,,,,,,,,,,,,,,,,,,,,,,,,,,,,,,,,,,,,,,,,,,,,,,,,,,,,,,,,,,,,,,,,,,,,,,
174,385,N,Only one DELETED state required,C,A,Y,D,D,,,,,,,,,,,,,,,,,,,,,,,,,,,,,,,,,,,,,,,,,,,,,,,,,,,,,,,,,,,,,,,,,,,,,,,,,,,,,,,,,,,,,,,,
175,,N,Chartities don't require renewal options,C,A,Y,D,P,,,,,,,,,,,,,,,,,,,,,,,,,,,,,,,,,,,,,,,,,,,,,,,,,,,,,,,,,,,,,,,,,,,,,,,,,,,,,,,,,,,,,,,,
176,,N,Chartities don't require renewal options,C,A,Y,D,T,,,,,,,,,,,,,,,,,,,,,,,,,,,,,,,,,,,,,,,,,,,,,,,,,,,,,,,,,,,,,,,,,,,,,,,,,,,,,,,,,,,,,,,,
177,,N,Chartities don't require renewal options,C,A,N,R,A,,,,,,,,,,,,,,,,,,,,,,,,,,,,,,,,,,,,,,,,,,,,,,,,,,,,,,,,,,,,,,,,,,,,,,,,,,,,,,,,,,,,,,,,
178,,N,Chartities don't require renewal options,C,A,N,R,IM,,,,,,,,,,,,,,,,,,,,,,,,,,,,,,,,,,,,,,,,,,,,,,,,,,,,,,,,,,,,,,,,,,,,,,,,,,,,,,,,,,,,,,,,
179,,N,Chartities don't require renewal options,C,A,N,R,IS,,,,,,,,,,,,,,,,,,,,,,,,,,,,,,,,,,,,,,,,,,,,,,,,,,,,,,,,,,,,,,,,,,,,,,,,,,,,,,,,,,,,,,,,
180,,N,Chartities don't require renewal options,C,A,N,R,VM,,,,,,,,,,,,,,,,,,,,,,,,,,,,,,,,,,,,,,,,,,,,,,,,,,,,,,,,,,,,,,,,,,,,,,,,,,,,,,,,,,,,,,,,
181,,N,Chartities don't require renewal options,C,A,N,R,VS,,,,,,,,,,,,,,,,,,,,,,,,,,,,,,,,,,,,,,,,,,,,,,,,,,,,,,,,,,,,,,,,,,,,,,,,,,,,,,,,,,,,,,,,
182,385,N,Only one DELETED state required,C,A,N,R,D,,,,,,,,,,,,,,,,,,,,,,,,,,,,,,,,,,,,,,,,,,,,,,,,,,,,,,,,,,,,,,,,,,,,,,,,,,,,,,,,,,,,,,,,
183,,N,Chartities don't require renewal options,C,A,N,R,P,,,,,,,,,,,,,,,,,,,,,,,,,,,,,,,,,,,,,,,,,,,,,,,,,,,,,,,,,,,,,,,,,,,,,,,,,,,,,,,,,,,,,,,,
184,,N,Chartities don't require renewal options,C,A,N,R,T,,,,,,,,,,,,,,,,,,,,,,,,,,,,,,,,,,,,,,,,,,,,,,,,,,,,,,,,,,,,,,,,,,,,,,,,,,,,,,,,,,,,,,,,
185,,N,Chartities don't require renewal options,C,A,N,D,A,,,,,,,,,,,,,,,,,,,,,,,,,,,,,,,,,,,,,,,,,,,,,,,,,,,,,,,,,,,,,,,,,,,,,,,,,,,,,,,,,,,,,,,,
186,,N,Chartities don't require renewal options,C,A,N,D,IM,,,,,,,,,,,,,,,,,,,,,,,,,,,,,,,,,,,,,,,,,,,,,,,,,,,,,,,,,,,,,,,,,,,,,,,,,,,,,,,,,,,,,,,,
187,,N,Chartities don't require renewal options,C,A,N,D,IS,,,,,,,,,,,,,,,,,,,,,,,,,,,,,,,,,,,,,,,,,,,,,,,,,,,,,,,,,,,,,,,,,,,,,,,,,,,,,,,,,,,,,,,,
188,,N,Chartities don't require renewal options,C,A,N,D,VM,,,,,,,,,,,,,,,,,,,,,,,,,,,,,,,,,,,,,,,,,,,,,,,,,,,,,,,,,,,,,,,,,,,,,,,,,,,,,,,,,,,,,,,,
189,,N,Chartities don't require renewal options,C,A,N,D,VS,,,,,,,,,,,,,,,,,,,,,,,,,,,,,,,,,,,,,,,,,,,,,,,,,,,,,,,,,,,,,,,,,,,,,,,,,,,,,,,,,,,,,,,,
190,385,N,Only one DELETED state required,C,A,N,D,D,,,,,,,,,,,,,,,,,,,,,,,,,,,,,,,,,,,,,,,,,,,,,,,,,,,,,,,,,,,,,,,,,,,,,,,,,,,,,,,,,,,,,,,,
191,,N,Chartities don't require renewal options,C,A,N,D,P,,,,,,,,,,,,,,,,,,,,,,,,,,,,,,,,,,,,,,,,,,,,,,,,,,,,,,,,,,,,,,,,,,,,,,,,,,,,,,,,,,,,,,,,
192,,N,Chartities don't require renewal options,C,A,N,D,T,,,,,,,,,,,,,,,,,,,,,,,,,,,,,,,,,,,,,,,,,,,,,,,,,,,,,,,,,,,,,,,,,,,,,,,,,,,,,,,,,,,,,,,,
193,386,N,"IEDR domains have no customer, billing, renewal or WIPO issues",I,N,Y,R,A,,,,,,,,,,,,,,,,,,,,,,,,,,,,,,,,,,,,,,,,,,,,,,,,,,,,,,,,,,,,,,,,,,,,,,,,,,,,,,,,,,,,,,,,
194,386,N,"IEDR domains have no customer, billing, renewal or WIPO issues",I,N,Y,R,IM,,,,,,,,,,,,,,,,,,,,,,,,,,,,,,,,,,,,,,,,,,,,,,,,,,,,,,,,,,,,,,,,,,,,,,,,,,,,,,,,,,,,,,,,
195,386,N,"IEDR domains have no customer, billing, renewal or WIPO issues",I,N,Y,R,IS,,,,,,,,,,,,,,,,,,,,,,,,,,,,,,,,,,,,,,,,,,,,,,,,,,,,,,,,,,,,,,,,,,,,,,,,,,,,,,,,,,,,,,,,
196,386,N,"IEDR domains have no customer, billing, renewal or WIPO issues",I,N,Y,R,VM,,,,,,,,,,,,,,,,,,,,,,,,,,,,,,,,,,,,,,,,,,,,,,,,,,,,,,,,,,,,,,,,,,,,,,,,,,,,,,,,,,,,,,,,
197,386,N,"IEDR domains have no customer, billing, renewal or WIPO issues",I,N,Y,R,VS,,,,,,,,,,,,,,,,,,,,,,,,,,,,,,,,,,,,,,,,,,,,,,,,,,,,,,,,,,,,,,,,,,,,,,,,,,,,,,,,,,,,,,,,
198,385,N,Only one DELETED state required,I,N,Y,R,D,,,,,,,,,,,,,,,,,,,,,,,,,,,,,,,,,,,,,,,,,,,,,,,,,,,,,,,,,,,,,,,,,,,,,,,,,,,,,,,,,,,,,,,,
199,386,N,"IEDR domains have no customer, billing, renewal or WIPO issues",I,N,Y,R,P,,,,,,,,,,,,,,,,,,,,,,,,,,,,,,,,,,,,,,,,,,,,,,,,,,,,,,,,,,,,,,,,,,,,,,,,,,,,,,,,,,,,,,,,
200,386,N,"IEDR domains have no customer, billing, renewal or WIPO issues",I,N,Y,R,T,,,,,,,,,,,,,,,,,,,,,,,,,,,,,,,,,,,,,,,,,,,,,,,,,,,,,,,,,,,,,,,,,,,,,,,,,,,,,,,,,,,,,,,,
201,386,N,"IEDR domains have no customer, billing, renewal or WIPO issues",I,N,Y,D,A,,,,,,,,,,,,,,,,,,,,,,,,,,,,,,,,,,,,,,,,,,,,,,,,,,,,,,,,,,,,,,,,,,,,,,,,,,,,,,,,,,,,,,,,
202,386,N,"IEDR domains have no customer, billing, renewal or WIPO issues",I,N,Y,D,IM,,,,,,,,,,,,,,,,,,,,,,,,,,,,,,,,,,,,,,,,,,,,,,,,,,,,,,,,,,,,,,,,,,,,,,,,,,,,,,,,,,,,,,,,
203,386,N,"IEDR domains have no customer, billing, renewal or WIPO issues",I,N,Y,D,IS,,,,,,,,,,,,,,,,,,,,,,,,,,,,,,,,,,,,,,,,,,,,,,,,,,,,,,,,,,,,,,,,,,,,,,,,,,,,,,,,,,,,,,,,
204,386,N,"IEDR domains have no customer, billing, renewal or WIPO issues",I,N,Y,D,VM,,,,,,,,,,,,,,,,,,,,,,,,,,,,,,,,,,,,,,,,,,,,,,,,,,,,,,,,,,,,,,,,,,,,,,,,,,,,,,,,,,,,,,,,
205,386,N,"IEDR domains have no customer, billing, renewal or WIPO issues",I,N,Y,D,VS,,,,,,,,,,,,,,,,,,,,,,,,,,,,,,,,,,,,,,,,,,,,,,,,,,,,,,,,,,,,,,,,,,,,,,,,,,,,,,,,,,,,,,,,
206,385,N,Only one DELETED state required,I,N,Y,D,D,,,,,,,,,,,,,,,,,,,,,,,,,,,,,,,,,,,,,,,,,,,,,,,,,,,,,,,,,,,,,,,,,,,,,,,,,,,,,,,,,,,,,,,,
207,386,N,"IEDR domains have no customer, billing, renewal or WIPO issues",I,N,Y,D,P,,,,,,,,,,,,,,,,,,,,,,,,,,,,,,,,,,,,,,,,,,,,,,,,,,,,,,,,,,,,,,,,,,,,,,,,,,,,,,,,,,,,,,,,
208,386,N,"IEDR domains have no customer, billing, renewal or WIPO issues",I,N,Y,D,T,,,,,,,,,,,,,,,,,,,,,,,,,,,,,,,,,,,,,,,,,,,,,,,,,,,,,,,,,,,,,,,,,,,,,,,,,,,,,,,,,,,,,,,,
209,386,N,"IEDR domains have no customer, billing, renewal or WIPO issues",I,N,N,R,A,,,,,,,,,,,,,,,,,,,,,,,,,,,,,,,,,,,,,,,,,,,,,,,,,,,,,,,,,,,,,,,,,,,,,,,,,,,,,,,,,,,,,,,,
210,386,N,"IEDR domains have no customer, billing, renewal or WIPO issues",I,N,N,R,IM,,,,,,,,,,,,,,,,,,,,,,,,,,,,,,,,,,,,,,,,,,,,,,,,,,,,,,,,,,,,,,,,,,,,,,,,,,,,,,,,,,,,,,,,
211,386,N,"IEDR domains have no customer, billing, renewal or WIPO issues",I,N,N,R,IS,,,,,,,,,,,,,,,,,,,,,,,,,,,,,,,,,,,,,,,,,,,,,,,,,,,,,,,,,,,,,,,,,,,,,,,,,,,,,,,,,,,,,,,,
212,386,N,"IEDR domains have no customer, billing, renewal or WIPO issues",I,N,N,R,VM,,,,,,,,,,,,,,,,,,,,,,,,,,,,,,,,,,,,,,,,,,,,,,,,,,,,,,,,,,,,,,,,,,,,,,,,,,,,,,,,,,,,,,,,
213,386,N,"IEDR domains have no customer, billing, renewal or WIPO issues",I,N,N,R,VS,,,,,,,,,,,,,,,,,,,,,,,,,,,,,,,,,,,,,,,,,,,,,,,,,,,,,,,,,,,,,,,,,,,,,,,,,,,,,,,,,,,,,,,,
214,385,N,Only one DELETED state required,I,N,N,R,D,,,,,,,,,,,,,,,,,,,,,,,,,,,,,,,,,,,,,,,,,,,,,,,,,,,,,,,,,,,,,,,,,,,,,,,,,,,,,,,,,,,,,,,,
215,386,N,"IEDR domains have no customer, billing, renewal or WIPO issues",I,N,N,R,P,,,,,,,,,,,,,,,,,,,,,,,,,,,,,,,,,,,,,,,,,,,,,,,,,,,,,,,,,,,,,,,,,,,,,,,,,,,,,,,,,,,,,,,,
216,386,N,"IEDR domains have no customer, billing, renewal or WIPO issues",I,N,N,R,T,,,,,,,,,,,,,,,,,,,,,,,,,,,,,,,,,,,,,,,,,,,,,,,,,,,,,,,,,,,,,,,,,,,,,,,,,,,,,,,,,,,,,,,,
217,386,N,"IEDR domains have no customer, billing, renewal or WIPO issues",I,N,N,D,A,,,,,,,,,,,,,,,,,,,,,,,,,,,,,,,,,,,,,,,,,,,,,,,,,,,,,,,,,,,,,,,,,,,,,,,,,,,,,,,,,,,,,,,,
218,386,N,"IEDR domains have no customer, billing, renewal or WIPO issues",I,N,N,D,IM,,,,,,,,,,,,,,,,,,,,,,,,,,,,,,,,,,,,,,,,,,,,,,,,,,,,,,,,,,,,,,,,,,,,,,,,,,,,,,,,,,,,,,,,
219,386,N,"IEDR domains have no customer, billing, renewal or WIPO issues",I,N,N,D,IS,,,,,,,,,,,,,,,,,,,,,,,,,,,,,,,,,,,,,,,,,,,,,,,,,,,,,,,,,,,,,,,,,,,,,,,,,,,,,,,,,,,,,,,,
220,386,N,"IEDR domains have no customer, billing, renewal or WIPO issues",I,N,N,D,VM,,,,,,,,,,,,,,,,,,,,,,,,,,,,,,,,,,,,,,,,,,,,,,,,,,,,,,,,,,,,,,,,,,,,,,,,,,,,,,,,,,,,,,,,
221,386,N,"IEDR domains have no customer, billing, renewal or WIPO issues",I,N,N,D,VS,,,,,,,,,,,,,,,,,,,,,,,,,,,,,,,,,,,,,,,,,,,,,,,,,,,,,,,,,,,,,,,,,,,,,,,,,,,,,,,,,,,,,,,,
222,385,N,Only one DELETED state required,I,N,N,D,D,,,,,,,,,,,,,,,,,,,,,,,,,,,,,,,,,,,,,,,,,,,,,,,,,,,,,,,,,,,,,,,,,,,,,,,,,,,,,,,,,,,,,,,,
223,386,N,"IEDR domains have no customer, billing, renewal or WIPO issues",I,N,N,D,P,,,,,,,,,,,,,,,,,,,,,,,,,,,,,,,,,,,,,,,,,,,,,,,,,,,,,,,,,,,,,,,,,,,,,,,,,,,,,,,,,,,,,,,,
224,386,N,"IEDR domains have no customer, billing, renewal or WIPO issues",I,N,N,D,T,,,,,,,,,,,,,,,,,,,,,,,,,,,,,,,,,,,,,,,,,,,,,,,,,,,,,,,,,,,,,,,,,,,,,,,,,,,,,,,,,,,,,,,,
225,386,N,"IEDR domains have no customer, billing, renewal or WIPO issues",I,R,Y,R,A,,,,,,,,,,,,,,,,,,,,,,,,,,,,,,,,,,,,,,,,,,,,,,,,,,,,,,,,,,,,,,,,,,,,,,,,,,,,,,,,,,,,,,,,
226,386,N,"IEDR domains have no customer, billing, renewal or WIPO issues",I,R,Y,R,IM,,,,,,,,,,,,,,,,,,,,,,,,,,,,,,,,,,,,,,,,,,,,,,,,,,,,,,,,,,,,,,,,,,,,,,,,,,,,,,,,,,,,,,,,
227,386,N,"IEDR domains have no customer, billing, renewal or WIPO issues",I,R,Y,R,IS,,,,,,,,,,,,,,,,,,,,,,,,,,,,,,,,,,,,,,,,,,,,,,,,,,,,,,,,,,,,,,,,,,,,,,,,,,,,,,,,,,,,,,,,
228,386,N,"IEDR domains have no customer, billing, renewal or WIPO issues",I,R,Y,R,VM,,,,,,,,,,,,,,,,,,,,,,,,,,,,,,,,,,,,,,,,,,,,,,,,,,,,,,,,,,,,,,,,,,,,,,,,,,,,,,,,,,,,,,,,
229,386,N,"IEDR domains have no customer, billing, renewal or WIPO issues",I,R,Y,R,VS,,,,,,,,,,,,,,,,,,,,,,,,,,,,,,,,,,,,,,,,,,,,,,,,,,,,,,,,,,,,,,,,,,,,,,,,,,,,,,,,,,,,,,,,
230,385,N,Only one DELETED state required,I,R,Y,R,D,,,,,,,,,,,,,,,,,,,,,,,,,,,,,,,,,,,,,,,,,,,,,,,,,,,,,,,,,,,,,,,,,,,,,,,,,,,,,,,,,,,,,,,,
231,386,N,"IEDR domains have no customer, billing, renewal or WIPO issues",I,R,Y,R,P,,,,,,,,,,,,,,,,,,,,,,,,,,,,,,,,,,,,,,,,,,,,,,,,,,,,,,,,,,,,,,,,,,,,,,,,,,,,,,,,,,,,,,,,
232,386,N,"IEDR domains have no customer, billing, renewal or WIPO issues",I,R,Y,R,T,,,,,,,,,,,,,,,,,,,,,,,,,,,,,,,,,,,,,,,,,,,,,,,,,,,,,,,,,,,,,,,,,,,,,,,,,,,,,,,,,,,,,,,,
233,386,N,"IEDR domains have no customer, billing, renewal or WIPO issues",I,R,Y,D,A,,,,,,,,,,,,,,,,,,,,,,,,,,,,,,,,,,,,,,,,,,,,,,,,,,,,,,,,,,,,,,,,,,,,,,,,,,,,,,,,,,,,,,,,
234,386,N,"IEDR domains have no customer, billing, renewal or WIPO issues",I,R,Y,D,IM,,,,,,,,,,,,,,,,,,,,,,,,,,,,,,,,,,,,,,,,,,,,,,,,,,,,,,,,,,,,,,,,,,,,,,,,,,,,,,,,,,,,,,,,
235,386,N,"IEDR domains have no customer, billing, renewal or WIPO issues",I,R,Y,D,IS,,,,,,,,,,,,,,,,,,,,,,,,,,,,,,,,,,,,,,,,,,,,,,,,,,,,,,,,,,,,,,,,,,,,,,,,,,,,,,,,,,,,,,,,
236,386,N,"IEDR domains have no customer, billing, renewal or WIPO issues",I,R,Y,D,VM,,,,,,,,,,,,,,,,,,,,,,,,,,,,,,,,,,,,,,,,,,,,,,,,,,,,,,,,,,,,,,,,,,,,,,,,,,,,,,,,,,,,,,,,
237,386,N,"IEDR domains have no customer, billing, renewal or WIPO issues",I,R,Y,D,VS,,,,,,,,,,,,,,,,,,,,,,,,,,,,,,,,,,,,,,,,,,,,,,,,,,,,,,,,,,,,,,,,,,,,,,,,,,,,,,,,,,,,,,,,
238,385,N,Only one DELETED state required,I,R,Y,D,D,,,,,,,,,,,,,,,,,,,,,,,,,,,,,,,,,,,,,,,,,,,,,,,,,,,,,,,,,,,,,,,,,,,,,,,,,,,,,,,,,,,,,,,,
239,386,N,"IEDR domains have no customer, billing, renewal or WIPO issues",I,R,Y,D,P,,,,,,,,,,,,,,,,,,,,,,,,,,,,,,,,,,,,,,,,,,,,,,,,,,,,,,,,,,,,,,,,,,,,,,,,,,,,,,,,,,,,,,,,
240,386,N,"IEDR domains have no customer, billing, renewal or WIPO issues",I,R,Y,D,T,,,,,,,,,,,,,,,,,,,,,,,,,,,,,,,,,,,,,,,,,,,,,,,,,,,,,,,,,,,,,,,,,,,,,,,,,,,,,,,,,,,,,,,,
241,386,N,"IEDR domains have no customer, billing, renewal or WIPO issues",I,R,N,R,A,,,,,,,,,,,,,,,,,,,,,,,,,,,,,,,,,,,,,,,,,,,,,,,,,,,,,,,,,,,,,,,,,,,,,,,,,,,,,,,,,,,,,,,,
242,386,N,"IEDR domains have no customer, billing, renewal or WIPO issues",I,R,N,R,IM,,,,,,,,,,,,,,,,,,,,,,,,,,,,,,,,,,,,,,,,,,,,,,,,,,,,,,,,,,,,,,,,,,,,,,,,,,,,,,,,,,,,,,,,
243,386,N,"IEDR domains have no customer, billing, renewal or WIPO issues",I,R,N,R,IS,,,,,,,,,,,,,,,,,,,,,,,,,,,,,,,,,,,,,,,,,,,,,,,,,,,,,,,,,,,,,,,,,,,,,,,,,,,,,,,,,,,,,,,,
244,386,N,"IEDR domains have no customer, billing, renewal or WIPO issues",I,R,N,R,VM,,,,,,,,,,,,,,,,,,,,,,,,,,,,,,,,,,,,,,,,,,,,,,,,,,,,,,,,,,,,,,,,,,,,,,,,,,,,,,,,,,,,,,,,
245,386,N,"IEDR domains have no customer, billing, renewal or WIPO issues",I,R,N,R,VS,,,,,,,,,,,,,,,,,,,,,,,,,,,,,,,,,,,,,,,,,,,,,,,,,,,,,,,,,,,,,,,,,,,,,,,,,,,,,,,,,,,,,,,,
246,385,N,Only one DELETED state required,I,R,N,R,D,,,,,,,,,,,,,,,,,,,,,,,,,,,,,,,,,,,,,,,,,,,,,,,,,,,,,,,,,,,,,,,,,,,,,,,,,,,,,,,,,,,,,,,,
247,386,N,"IEDR domains have no customer, billing, renewal or WIPO issues",I,R,N,R,P,,,,,,,,,,,,,,,,,,,,,,,,,,,,,,,,,,,,,,,,,,,,,,,,,,,,,,,,,,,,,,,,,,,,,,,,,,,,,,,,,,,,,,,,
248,386,N,"IEDR domains have no customer, billing, renewal or WIPO issues",I,R,N,R,T,,,,,,,,,,,,,,,,,,,,,,,,,,,,,,,,,,,,,,,,,,,,,,,,,,,,,,,,,,,,,,,,,,,,,,,,,,,,,,,,,,,,,,,,
249,386,N,"IEDR domains have no customer, billing, renewal or WIPO issues",I,R,N,D,A,,,,,,,,,,,,,,,,,,,,,,,,,,,,,,,,,,,,,,,,,,,,,,,,,,,,,,,,,,,,,,,,,,,,,,,,,,,,,,,,,,,,,,,,
250,386,N,"IEDR domains have no customer, billing, renewal or WIPO issues",I,R,N,D,IM,,,,,,,,,,,,,,,,,,,,,,,,,,,,,,,,,,,,,,,,,,,,,,,,,,,,,,,,,,,,,,,,,,,,,,,,,,,,,,,,,,,,,,,,
251,386,N,"IEDR domains have no customer, billing, renewal or WIPO issues",I,R,N,D,IS,,,,,,,,,,,,,,,,,,,,,,,,,,,,,,,,,,,,,,,,,,,,,,,,,,,,,,,,,,,,,,,,,,,,,,,,,,,,,,,,,,,,,,,,
252,386,N,"IEDR domains have no customer, billing, renewal or WIPO issues",I,R,N,D,VM,,,,,,,,,,,,,,,,,,,,,,,,,,,,,,,,,,,,,,,,,,,,,,,,,,,,,,,,,,,,,,,,,,,,,,,,,,,,,,,,,,,,,,,,
253,386,N,"IEDR domains have no customer, billing, renewal or WIPO issues",I,R,N,D,VS,,,,,,,,,,,,,,,,,,,,,,,,,,,,,,,,,,,,,,,,,,,,,,,,,,,,,,,,,,,,,,,,,,,,,,,,,,,,,,,,,,,,,,,,
254,385,N,Only one DELETED state required,I,R,N,D,D,,,,,,,,,,,,,,,,,,,,,,,,,,,,,,,,,,,,,,,,,,,,,,,,,,,,,,,,,,,,,,,,,,,,,,,,,,,,,,,,,,,,,,,,
255,386,N,"IEDR domains have no customer, billing, renewal or WIPO issues",I,R,N,D,P,,,,,,,,,,,,,,,,,,,,,,,,,,,,,,,,,,,,,,,,,,,,,,,,,,,,,,,,,,,,,,,,,,,,,,,,,,,,,,,,,,,,,,,,
256,386,N,"IEDR domains have no customer, billing, renewal or WIPO issues",I,R,N,D,T,,,,,,,,,,,,,,,,,,,,,,,,,,,,,,,,,,,,,,,,,,,,,,,,,,,,,,,,,,,,,,,,,,,,,,,,,,,,,,,,,,,,,,,,
257,386,N,"IEDR domains have no customer, billing, renewal or WIPO issues",I,A,Y,R,A,,,,,,,,,,,,,,,,,,,,,,,,,,,,,,,,,,,,,,,,,,,,,,,,,,,,,,,,,,,,,,,,,,,,,,,,,,,,,,,,,,,,,,,,
258,386,N,"IEDR domains have no customer, billing, renewal or WIPO issues",I,A,Y,R,IM,,,,,,,,,,,,,,,,,,,,,,,,,,,,,,,,,,,,,,,,,,,,,,,,,,,,,,,,,,,,,,,,,,,,,,,,,,,,,,,,,,,,,,,,
259,386,N,"IEDR domains have no customer, billing, renewal or WIPO issues",I,A,Y,R,IS,,,,,,,,,,,,,,,,,,,,,,,,,,,,,,,,,,,,,,,,,,,,,,,,,,,,,,,,,,,,,,,,,,,,,,,,,,,,,,,,,,,,,,,,
260,386,N,"IEDR domains have no customer, billing, renewal or WIPO issues",I,A,Y,R,VM,,,,,,,,,,,,,,,,,,,,,,,,,,,,,,,,,,,,,,,,,,,,,,,,,,,,,,,,,,,,,,,,,,,,,,,,,,,,,,,,,,,,,,,,
261,386,N,"IEDR domains have no customer, billing, renewal or WIPO issues",I,A,Y,R,VS,,,,,,,,,,,,,,,,,,,,,,,,,,,,,,,,,,,,,,,,,,,,,,,,,,,,,,,,,,,,,,,,,,,,,,,,,,,,,,,,,,,,,,,,
262,385,N,Only one DELETED state required,I,A,Y,R,D,,,,,,,,,,,,,,,,,,,,,,,,,,,,,,,,,,,,,,,,,,,,,,,,,,,,,,,,,,,,,,,,,,,,,,,,,,,,,,,,,,,,,,,,
263,386,N,"IEDR domains have no customer, billing, renewal or WIPO issues",I,A,Y,R,P,,,,,,,,,,,,,,,,,,,,,,,,,,,,,,,,,,,,,,,,,,,,,,,,,,,,,,,,,,,,,,,,,,,,,,,,,,,,,,,,,,,,,,,,
264,386,N,"IEDR domains have no customer, billing, renewal or WIPO issues",I,A,Y,R,T,,,,,,,,,,,,,,,,,,,,,,,,,,,,,,,,,,,,,,,,,,,,,,,,,,,,,,,,,,,,,,,,,,,,,,,,,,,,,,,,,,,,,,,,
265,386,N,"IEDR domains have no customer, billing, renewal or WIPO issues",I,A,Y,D,A,,,,,,,,,,,,,,,,,,,,,,,,,,,,,,,,,,,,,,,,,,,,,,,,,,,,,,,,,,,,,,,,,,,,,,,,,,,,,,,,,,,,,,,,
266,386,N,"IEDR domains have no customer, billing, renewal or WIPO issues",I,A,Y,D,IM,,,,,,,,,,,,,,,,,,,,,,,,,,,,,,,,,,,,,,,,,,,,,,,,,,,,,,,,,,,,,,,,,,,,,,,,,,,,,,,,,,,,,,,,
267,386,N,"IEDR domains have no customer, billing, renewal or WIPO issues",I,A,Y,D,IS,,,,,,,,,,,,,,,,,,,,,,,,,,,,,,,,,,,,,,,,,,,,,,,,,,,,,,,,,,,,,,,,,,,,,,,,,,,,,,,,,,,,,,,,
268,386,N,"IEDR domains have no customer, billing, renewal or WIPO issues",I,A,Y,D,VM,,,,,,,,,,,,,,,,,,,,,,,,,,,,,,,,,,,,,,,,,,,,,,,,,,,,,,,,,,,,,,,,,,,,,,,,,,,,,,,,,,,,,,,,
269,386,N,"IEDR domains have no customer, billing, renewal or WIPO issues",I,A,Y,D,VS,,,,,,,,,,,,,,,,,,,,,,,,,,,,,,,,,,,,,,,,,,,,,,,,,,,,,,,,,,,,,,,,,,,,,,,,,,,,,,,,,,,,,,,,
270,385,N,Only one DELETED state required,I,A,Y,D,D,,,,,,,,,,,,,,,,,,,,,,,,,,,,,,,,,,,,,,,,,,,,,,,,,,,,,,,,,,,,,,,,,,,,,,,,,,,,,,,,,,,,,,,,
271,386,N,"IEDR domains have no customer, billing, renewal or WIPO issues",I,A,Y,D,P,,,,,,,,,,,,,,,,,,,,,,,,,,,,,,,,,,,,,,,,,,,,,,,,,,,,,,,,,,,,,,,,,,,,,,,,,,,,,,,,,,,,,,,,
272,386,N,"IEDR domains have no customer, billing, renewal or WIPO issues",I,A,Y,D,T,,,,,,,,,,,,,,,,,,,,,,,,,,,,,,,,,,,,,,,,,,,,,,,,,,,,,,,,,,,,,,,,,,,,,,,,,,,,,,,,,,,,,,,,
273,386,N,"IEDR domains have no customer, billing, renewal or WIPO issues",I,A,N,R,A,,,,,,,,,,,,,,,,,,,,,,,,,,,,,,,,,,,,,,,,,,,,,,,,,,,,,,,,,,,,,,,,,,,,,,,,,,,,,,,,,,,,,,,,
274,386,N,"IEDR domains have no customer, billing, renewal or WIPO issues",I,A,N,R,IM,,,,,,,,,,,,,,,,,,,,,,,,,,,,,,,,,,,,,,,,,,,,,,,,,,,,,,,,,,,,,,,,,,,,,,,,,,,,,,,,,,,,,,,,
275,386,N,"IEDR domains have no customer, billing, renewal or WIPO issues",I,A,N,R,IS,,,,,,,,,,,,,,,,,,,,,,,,,,,,,,,,,,,,,,,,,,,,,,,,,,,,,,,,,,,,,,,,,,,,,,,,,,,,,,,,,,,,,,,,
276,386,N,"IEDR domains have no customer, billing, renewal or WIPO issues",I,A,N,R,VM,,,,,,,,,,,,,,,,,,,,,,,,,,,,,,,,,,,,,,,,,,,,,,,,,,,,,,,,,,,,,,,,,,,,,,,,,,,,,,,,,,,,,,,,
277,386,N,"IEDR domains have no customer, billing, renewal or WIPO issues",I,A,N,R,VS,,,,,,,,,,,,,,,,,,,,,,,,,,,,,,,,,,,,,,,,,,,,,,,,,,,,,,,,,,,,,,,,,,,,,,,,,,,,,,,,,,,,,,,,
278,385,N,Only one DELETED state required,I,A,N,R,D,,,,,,,,,,,,,,,,,,,,,,,,,,,,,,,,,,,,,,,,,,,,,,,,,,,,,,,,,,,,,,,,,,,,,,,,,,,,,,,,,,,,,,,,
279,386,N,"IEDR domains have no customer, billing, renewal or WIPO issues",I,A,N,R,P,,,,,,,,,,,,,,,,,,,,,,,,,,,,,,,,,,,,,,,,,,,,,,,,,,,,,,,,,,,,,,,,,,,,,,,,,,,,,,,,,,,,,,,,
280,386,N,"IEDR domains have no customer, billing, renewal or WIPO issues",I,A,N,R,T,,,,,,,,,,,,,,,,,,,,,,,,,,,,,,,,,,,,,,,,,,,,,,,,,,,,,,,,,,,,,,,,,,,,,,,,,,,,,,,,,,,,,,,,
281,386,N,"IEDR domains have no customer, billing, renewal or WIPO issues",I,A,N,D,A,,,,,,,,,,,,,,,,,,,,,,,,,,,,,,,,,,,,,,,,,,,,,,,,,,,,,,,,,,,,,,,,,,,,,,,,,,,,,,,,,,,,,,,,
282,386,N,"IEDR domains have no customer, billing, renewal or WIPO issues",I,A,N,D,IM,,,,,,,,,,,,,,,,,,,,,,,,,,,,,,,,,,,,,,,,,,,,,,,,,,,,,,,,,,,,,,,,,,,,,,,,,,,,,,,,,,,,,,,,
283,386,N,"IEDR domains have no customer, billing, renewal or WIPO issues",I,A,N,D,IS,,,,,,,,,,,,,,,,,,,,,,,,,,,,,,,,,,,,,,,,,,,,,,,,,,,,,,,,,,,,,,,,,,,,,,,,,,,,,,,,,,,,,,,,
284,386,N,"IEDR domains have no customer, billing, renewal or WIPO issues",I,A,N,D,VM,,,,,,,,,,,,,,,,,,,,,,,,,,,,,,,,,,,,,,,,,,,,,,,,,,,,,,,,,,,,,,,,,,,,,,,,,,,,,,,,,,,,,,,,
285,386,N,"IEDR domains have no customer, billing, renewal or WIPO issues",I,A,N,D,VS,,,,,,,,,,,,,,,,,,,,,,,,,,,,,,,,,,,,,,,,,,,,,,,,,,,,,,,,,,,,,,,,,,,,,,,,,,,,,,,,,,,,,,,,
286,385,N,Only one DELETED state required,I,A,N,D,D,,,,,,,,,,,,,,,,,,,,,,,,,,,,,,,,,,,,,,,,,,,,,,,,,,,,,,,,,,,,,,,,,,,,,,,,,,,,,,,,,,,,,,,,
287,386,N,"IEDR domains have no customer, billing, renewal or WIPO issues",I,A,N,D,P,,,,,,,,,,,,,,,,,,,,,,,,,,,,,,,,,,,,,,,,,,,,,,,,,,,,,,,,,,,,,,,,,,,,,,,,,,,,,,,,,,,,,,,,
288,386,N,"IEDR domains have no customer, billing, renewal or WIPO issues",I,A,N,D,T,,,,,,,,,,,,,,,,,,,,,,,,,,,,,,,,,,,,,,,,,,,,,,,,,,,,,,,,,,,,,,,,,,,,,,,,,,,,,,,,,,,,,,,,
289,,Y,,N,N,Y,R,A,,x,x,,x,x,,x,x,,x,x,,x,x,,x,x,,289,,Roll date forward.,x,x,,x,x,,x,x,,x,x,,x,x,,x,x,,x,x,Don't delete disputed domains,x,x,Can't put disputed domain voluntarily into NRP,x,x,,x,x,,,,,x,x,No transfers of disputed domains,x,x,No transfers of disputed domains,x,x,No autorenew for non-billables,x,x,No autorenew for non-billables,x,x,No autorenew for non-billables,x,x,No holder changes to disputed domains,x,x,No holder changes to disputed domains,x,x,,x,x,No holder changes to disputed domains,x,x,,305,,
290,,N,Involuntary NPR doesn't apply to non-billables,N,N,Y,R,IM,,,,,,,,,,,,,,,,,,,,,,,,,,,,,,,,,,,,,,,,,,,,,,,,,,,,,,,,,,,,,,,,,,,,,,,,,,,,,,,,,,,,,,,,
291,,N,Involuntary NPR doesn't apply to non-billables,N,N,Y,R,IS,,,,,,,,,,,,,,,,,,,,,,,,,,,,,,,,,,,,,,,,,,,,,,,,,,,,,,,,,,,,,,,,,,,,,,,,,,,,,,,,,,,,,,,,
292,,Y,,N,N,Y,R,VM,,x,x,,x,x,,x,x,,x,x,,x,x,,x,x,,x,x,,293,,,x,x,,x,x,,x,x,,x,x,,x,x,,x,x,Don't delete disputed domains,x,x,,x,x,A domain that is in voluntary NRP at the point that a WIPO dispute arises is allowed to complete to deletion,x,x,Payment cannot be taken for Vol. NRP domains,,,,x,x,No transfers of disputed domains,x,x,No transfers of disputed domains,x,x,No autorenew for non-billables,x,x,No autorenew for non-billables,x,x,No autorenew for non-billables,x,x,No holder changes to disputed domains,x,x,No holder changes to disputed domains,x,x,,x,x,No holder changes to disputed domains,x,x,,308,,
293,,Y,,N,N,Y,R,VS,,x,x,,x,x,,x,x,,x,x,,x,x,,x,x,,x,x,,x,x,,x,x,Don't delete disputed domains,x,x,,x,x,,x,x,,x,x,,x,x,Don't delete disputed domains,x,x,,x,x,A domain that is in voluntary NRP at the point that a WIPO dispute arises is allowed to complete to deletion,x,x,Payment cannot be taken for Vol. NRP domains,,,,x,x,No transfers of disputed domains,x,x,No transfers of disputed domains,x,x,No autorenew for non-billables,x,x,No autorenew for non-billables,x,x,No autorenew for non-billables,x,x,No holder changes to disputed domains,x,x,No holder changes to disputed domains,x,x,,x,x,No holder changes to disputed domains,x,x,,309,,
294,385,N,Only one DELETED state required,N,N,Y,R,D,,,,,,,,,,,,,,,,,,,,,,,,,,,,,,,,,,,,,,,,,,,,,,,,,,,,,,,,,,,,,,,,,,,,,,,,,,,,,,,,,,,,,,,,
295,,N,Can't GIBO register non-billable domains,N,N,Y,R,P,,x,x,,x,x,,x,x,,x,x,,x,x,,x,x,,x,x,,x,x,,x,x,,289,,,385,,,x,x,,x,x,,x,x,Don't delete disputed domains,x,x,GIBO doesn't apply to non-billables,x,x,,x,x,,,,,x,x,No transfers of disputed domains,x,x,No transfers of disputed domains,x,x,No autorenew for non-billables,x,x,No autorenew for non-billables,x,x,No autorenew for non-billables,x,x,No holder changes to disputed domains,x,x,No holder changes to disputed domains,x,x,,x,x,No holder changes to disputed domains,,,,,,
296,,N,Can't GIBO register non-billable domains,N,N,Y,R,T,,x,x,,x,x,,x,x,,x,x,,x,x,,x,x,,x,x,,x,x,,x,x,,x,x,,x,x,,x,x,,385,,,x,x,Don't delete disputed domains,x,x,,x,x,,x,x,,,,,x,x,No transfers of disputed domains,x,x,No transfers of disputed domains,x,x,No autorenew for non-billables,x,x,No autorenew for non-billables,x,x,No autorenew for non-billables,x,x,No holder changes to disputed domains,x,x,No holder changes to disputed domains,x,x,,x,x,No holder changes to disputed domains,,,,,,
297,,Y,,N,N,Y,D,A,,x,x,,x,x,,x,x,,x,x,,x,x,,x,x,,297,,Roll date forward,x,x,,x,x,,x,x,,x,x,,x,x,,x,x,,x,x,Don't delete disputed domains,x,x,Can't put disputed domain voluntarily into NRP,x,x,,x,x,,,,,x,x,No transfers of disputed domains,x,x,No transfers of disputed domains,x,x,No autorenew for non-billables,x,x,No autorenew for non-billables,x,x,No autorenew for non-billables,x,x,No holder changes to disputed domains,x,x,No holder changes to disputed domains,x,x,,x,x,No holder changes to disputed domains,x,x,,313,,
298,,N,Involuntary NPR doesn't apply to non-billables,N,N,Y,D,IM,,,,,,,,,,,,,,,,,,,,,,,,,,,,,,,,,,,,,,,,,,,,,,,,,,,,,,,,,,,,,,,,,,,,,,,,,,,,,,,,,,,,,,,,
299,,N,Involuntary NPR doesn't apply to non-billables,N,N,Y,D,IS,,,,,,,,,,,,,,,,,,,,,,,,,,,,,,,,,,,,,,,,,,,,,,,,,,,,,,,,,,,,,,,,,,,,,,,,,,,,,,,,,,,,,,,,
300,,Y,,N,N,Y,D,VM,,x,x,,x,x,,x,x,,x,x,,x,x,,x,x,,x,x,,301,,,x,x,,x,x,,x,x,,x,x,,x,x,,x,x,Don't delete disputed domains,x,x,,x,x,A domain that is in voluntary NRP at the point that a WIPO dispute arises is allowed to complete to deletion,x,x,Payment cannot be taken for Vol. NRP domains,,,,x,x,No transfers of disputed domains,x,x,No transfers of disputed domains,x,x,No autorenew for non-billables,x,x,No autorenew for non-billables,x,x,No autorenew for non-billables,x,x,No holder changes to disputed domains,x,x,No holder changes to disputed domains,x,x,,x,x,No holder changes to disputed domains,x,x,,316,,
301,,Y,,N,N,Y,D,VS,,x,x,,x,x,,x,x,,x,x,,x,x,,x,x,,x,x,,x,x,,x,x,Don't delete disputed domains,x,x,,x,x,,x,x,,x,x,,x,x,Don't delete disputed domains,x,x,,x,x,A domain that is in voluntary NRP at the point that a WIPO dispute arises is allowed to complete to deletion,x,x,Payment cannot be taken for Vol. NRP domains,,,,x,x,No transfers of disputed domains,x,x,No transfers of disputed domains,x,x,No autorenew for non-billables,x,x,No autorenew for non-billables,x,x,No autorenew for non-billables,x,x,No holder changes to disputed domains,x,x,No holder changes to disputed domains,x,x,,x,x,No holder changes to disputed domains,x,x,,317,,
302,385,N,Only one DELETED state required,N,N,Y,D,D,,,,,,,,,,,,,,,,,,,,,,,,,,,,,,,,,,,,,,,,,,,,,,,,,,,,,,,,,,,,,,,,,,,,,,,,,,,,,,,,,,,,,,,,
303,,N,"GIBO statuses (P,T) only applicable to Registrars",N,N,Y,D,P,,,,,,,,,,,,,,,,,,,,,,,,,,,,,,,,,,,,,,,,,,,,,,,,,,,,,,,,,,,,,,,,,,,,,,,,,,,,,,,,,,,,,,,,
304,,N,"GIBO statuses (P,T) only applicable to Registrars",N,N,Y,D,T,,,,,,,,,,,,,,,,,,,,,,,,,,,,,,,,,,,,,,,,,,,,,,,,,,,,,,,,,,,,,,,,,,,,,,,,,,,,,,,,,,,,,,,,
305,,Y,,N,N,N,R,A,,x,x,,x,x,,x,x,,x,x,,x,x,,x,x,,305,,Roll forward,x,x,,x,x,,x,x,,x,x,,x,x,,x,x,,385,,,308,,,x,x,,x,x,,,,,313,,Assume remains non-billable?,305,,Assume remains non-billable?,x,x,No autorenew for non-billables,x,x,No autorenew for non-billables,x,x,No autorenew for non-billables,113,,,25,,,x,x,,386,,,289,,,x,x,
306,,N,Involuntary NPR doesn't apply to non-billables,N,N,N,R,IM,,,,,,,,,,,,,,,,,,,,,,,,,,,,,,,,,,,,,,,,,,,,,,,,,,,,,,,,,,,,,,,,,,,,,,,,,,,,,,,,,,,,,,,,
307,,N,Involuntary NPR doesn't apply to non-billables,N,N,N,R,IS,,,,,,,,,,,,,,,,,,,,,,,,,,,,,,,,,,,,,,,,,,,,,,,,,,,,,,,,,,,,,,,,,,,,,,,,,,,,,,,,,,,,,,,,
308,,Y,,N,N,N,R,VM,,x,x,,x,x,,x,x,,x,x,,x,x,,x,x,,x,x,,309,,,x,x,,x,x,,x,x,,x,x,,x,x,,385,,,x,x,,305,,,x,x,Payment cannot be taken for Vol. NRP domains,,,,313,,Assume remains non-billable?,305,,Assume remains non-billable?,x,x,No autorenew for non-billables,x,x,No autorenew for non-billables,x,x,No autorenew for non-billables,113,,Assume always goes to Active,x,x,Vol NRP can't change holder,x,x,,386,,,292,,,x,x,
309,,Y,,N,N,N,R,VS,,x,x,,x,x,,x,x,,x,x,,x,x,,x,x,,x,x,,x,x,,385,,,x,x,,x,x,,x,x,,x,x,,385,,,x,x,,305,,,x,x,Payment cannot be taken for Vol. NRP domains,,,,313,,Assume remains non-billable?,305,,Assume remains non-billable?,x,x,No autorenew for non-billables,x,x,No autorenew for non-billables,x,x,No autorenew for non-billables,113,,Assume always goes to Active,x,x,Vol NRP can't change holder,x,x,,386,,,293,,,x,x,
310,385,N,Only one DELETED state required,N,N,N,R,D,,,,,,,,,,,,,,,,,,,,,,,,,,,,,,,,,,,,,,,,,,,,,,,,,,,,,,,,,,,,,,,,,,,,,,,,,,,,,,,,,,,,,,,,
311,,N,Can't GIBO register non-billable domains,N,N,N,R,P,,x,x,,x,x,,x,x,,x,x,,x,x,,x,x,,x,x,,x,x,,x,x,,305,,,385,,,x,x,,x,x,,385,,,x,,GIBO doesn't apply to non-billables,x,x,,x,x,,,,,313,,Assume remains non-billable?,305,,Assume remains non-billable?,x,x,No autorenew for non-billables,x,x,No autorenew for non-billables,x,x,No autorenew for non-billables,113,,Assume always goes to Active,,,,x,x,,,,,,,,,,
312,,N,Can't GIBO register non-billable domains,N,N,N,R,T,,x,x,,x,x,,x,x,,x,x,,x,x,,x,x,,x,x,,x,x,,x,x,,x,x,,x,x,,x,x,,385,,,385,,,x,,GIBO doesn't apply to non-billables,x,x,,x,x,,,,,313,,Assume remains non-billable?,305,,Assume remains non-billable?,x,x,No autorenew for non-billables,x,x,No autorenew for non-billables,x,x,No autorenew for non-billables,113,,Assume always goes to Active,,,,x,x,,,,,,,,,,
313,,Y,,N,N,N,D,A,,x,x,,x,x,,x,x,,x,x,,x,x,,x,x,,313,,Roll forward renewal date,x,x,,x,x,,x,x,,x,x,,x,x,,x,x,,385,,,316,,,x,x,,x,x,,,,,313,,Assume remains non-billable?,305,,Assume remains non-billable?,x,x,No autorenew for non-billables,x,x,No autorenew for non-billables,x,x,No autorenew for non-billables,121,,,25,,,x,x,,386,,,297,,,x,x,
314,,N,Involuntary NPR doesn't apply to non-billables,N,N,N,D,IM,,,,,,,,,,,,,,,,,,,,,,,,,,,,,,,,,,,,,,,,,,,,,,,,,,,,,,,,,,,,,,,,,,,,,,,,,,,,,,,,,,,,,,,,
315,,N,Involuntary NPR doesn't apply to non-billables,N,N,N,D,IS,,,,,,,,,,,,,,,,,,,,,,,,,,,,,,,,,,,,,,,,,,,,,,,,,,,,,,,,,,,,,,,,,,,,,,,,,,,,,,,,,,,,,,,,
316,,Y,,N,N,N,D,VM,,x,x,,x,x,,x,x,,x,x,,x,x,,x,x,,x,x,,317,,,x,x,,x,x,,x,x,,x,x,,x,x,,385,,,x,x,,313,,,x,x,Payment cannot be taken for Vol. NRP domains,,,,313,,Assume remains non-billable?,305,,Assume remains non-billable?,x,x,No autorenew for non-billables,x,x,No autorenew for non-billables,x,x,No autorenew for non-billables,121,,Assume always goes to Active,x,x,Vol NRP can't change holder,x,x,,386,,,300,,,x,x,
317,,Y,,N,N,N,D,VS,,x,x,,x,x,,x,x,,x,x,,x,x,,x,x,,x,x,,x,x,,385,,,x,x,,x,x,,x,x,,x,x,,385,,,x,x,,313,,,x,x,Payment cannot be taken for Vol. NRP domains,,,,313,,Assume remains non-billable?,305,,Assume remains non-billable?,x,x,No autorenew for non-billables,x,x,No autorenew for non-billables,x,x,No autorenew for non-billables,121,,Assume always goes to Active,x,x,Vol NRP can't change holder,x,x,,386,,,301,,,x,x,
318,385,N,Only one DELETED state required,N,N,N,D,D,,,,,,,,,,,,,,,,,,,,,,,,,,,,,,,,,,,,,,,,,,,,,,,,,,,,,,,,,,,,,,,,,,,,,,,,,,,,,,,,,,,,,,,,
319,,N,"GIBO statuses (P,T) only applicable to Registrars",N,N,N,D,P,,,,,,,,,,,,,,,,,,,,,,,,,,,,,,,,,,,,,,,,,,,,,,,,,,,,,,,,,,,,,,,,,,,,,,,,,,,,,,,,,,,,,,,,
320,,N,"GIBO statuses (P,T) only applicable to Registrars",N,N,N,D,T,,,,,,,,,,,,,,,,,,,,,,,,,,,,,,,,,,,,,,,,,,,,,,,,,,,,,,,,,,,,,,,,,,,,,,,,,,,,,,,,,,,,,,,,
321,,N,Renewal options don't apply to non-billables,N,R,Y,R,A,,,,,,,,,,,,,,,,,,,,,,,,,,,,,,,,,,,,,,,,,,,,,,,,,,,,,,,,,,,,,,,,,,,,,,,,,,,,,,,,,,,,,,,,
322,,N,Involuntary NPR doesn't apply to non-billables,N,R,Y,R,IM,,,,,,,,,,,,,,,,,,,,,,,,,,,,,,,,,,,,,,,,,,,,,,,,,,,,,,,,,,,,,,,,,,,,,,,,,,,,,,,,,,,,,,,,
323,,N,Involuntary NPR doesn't apply to non-billables,N,R,Y,R,IS,,,,,,,,,,,,,,,,,,,,,,,,,,,,,,,,,,,,,,,,,,,,,,,,,,,,,,,,,,,,,,,,,,,,,,,,,,,,,,,,,,,,,,,,
324,,N,Renewal options don't apply to non-billables,N,R,Y,R,VM,,,,,,,,,,,,,,,,,,,,,,,,,,,,,,,,,,,,,,,,,,,,,,,,,,,,,,,,,,,,,,,,,,,,,,,,,,,,,,,,,,,,,,,,
325,,N,Renewal options don't apply to non-billables,N,R,Y,R,VS,,,,,,,,,,,,,,,,,,,,,,,,,,,,,,,,,,,,,,,,,,,,,,,,,,,,,,,,,,,,,,,,,,,,,,,,,,,,,,,,,,,,,,,,
326,385,N,Only one DELETED state required,N,R,Y,R,D,,,,,,,,,,,,,,,,,,,,,,,,,,,,,,,,,,,,,,,,,,,,,,,,,,,,,,,,,,,,,,,,,,,,,,,,,,,,,,,,,,,,,,,,
327,,N,Renewal options don't apply to non-billables,N,R,Y,R,P,,,,,,,,,,,,,,,,,,,,,,,,,,,,,,,,,,,,,,,,,,,,,,,,,,,,,,,,,,,,,,,,,,,,,,,,,,,,,,,,,,,,,,,,
328,,N,Renewal options don't apply to non-billables,N,R,Y,R,T,,,,,,,,,,,,,,,,,,,,,,,,,,,,,,,,,,,,,,,,,,,,,,,,,,,,,,,,,,,,,,,,,,,,,,,,,,,,,,,,,,,,,,,,
329,,N,Renewal options don't apply to directs,N,R,Y,D,A,,,,,,,,,,,,,,,,,,,,,,,,,,,,,,,,,,,,,,,,,,,,,,,,,,,,,,,,,,,,,,,,,,,,,,,,,,,,,,,,,,,,,,,,
330,,N,Involuntary NPR doesn't apply to non-billables,N,R,Y,D,IM,,,,,,,,,,,,,,,,,,,,,,,,,,,,,,,,,,,,,,,,,,,,,,,,,,,,,,,,,,,,,,,,,,,,,,,,,,,,,,,,,,,,,,,,
331,,N,Involuntary NPR doesn't apply to non-billables,N,R,Y,D,IS,,,,,,,,,,,,,,,,,,,,,,,,,,,,,,,,,,,,,,,,,,,,,,,,,,,,,,,,,,,,,,,,,,,,,,,,,,,,,,,,,,,,,,,,
332,,N,Renewal options don't apply to directs,N,R,Y,D,VM,,,,,,,,,,,,,,,,,,,,,,,,,,,,,,,,,,,,,,,,,,,,,,,,,,,,,,,,,,,,,,,,,,,,,,,,,,,,,,,,,,,,,,,,
333,,N,Renewal options don't apply to directs,N,R,Y,D,VS,,,,,,,,,,,,,,,,,,,,,,,,,,,,,,,,,,,,,,,,,,,,,,,,,,,,,,,,,,,,,,,,,,,,,,,,,,,,,,,,,,,,,,,,
334,385,N,Only one DELETED state required,N,R,Y,D,D,,,,,,,,,,,,,,,,,,,,,,,,,,,,,,,,,,,,,,,,,,,,,,,,,,,,,,,,,,,,,,,,,,,,,,,,,,,,,,,,,,,,,,,,
335,,N,Renewal options don't apply to directs,N,R,Y,D,P,,,,,,,,,,,,,,,,,,,,,,,,,,,,,,,,,,,,,,,,,,,,,,,,,,,,,,,,,,,,,,,,,,,,,,,,,,,,,,,,,,,,,,,,
336,,N,Renewal options don't apply to directs,N,R,Y,D,T,,,,,,,,,,,,,,,,,,,,,,,,,,,,,,,,,,,,,,,,,,,,,,,,,,,,,,,,,,,,,,,,,,,,,,,,,,,,,,,,,,,,,,,,
337,,N,Renewal options don't apply to non-billables,N,R,N,R,A,,,,,,,,,,,,,,,,,,,,,,,,,,,,,,,,,,,,,,,,,,,,,,,,,,,,,,,,,,,,,,,,,,,,,,,,,,,,,,,,,,,,,,,,
338,,N,Involuntary NPR doesn't apply to non-billables,N,R,N,R,IM,,,,,,,,,,,,,,,,,,,,,,,,,,,,,,,,,,,,,,,,,,,,,,,,,,,,,,,,,,,,,,,,,,,,,,,,,,,,,,,,,,,,,,,,
339,,N,Involuntary NPR doesn't apply to non-billables,N,R,N,R,IS,,,,,,,,,,,,,,,,,,,,,,,,,,,,,,,,,,,,,,,,,,,,,,,,,,,,,,,,,,,,,,,,,,,,,,,,,,,,,,,,,,,,,,,,
340,,N,Renewal options don't apply to non-billables,N,R,N,R,VM,,,,,,,,,,,,,,,,,,,,,,,,,,,,,,,,,,,,,,,,,,,,,,,,,,,,,,,,,,,,,,,,,,,,,,,,,,,,,,,,,,,,,,,,
341,,N,Renewal options don't apply to non-billables,N,R,N,R,VS,,,,,,,,,,,,,,,,,,,,,,,,,,,,,,,,,,,,,,,,,,,,,,,,,,,,,,,,,,,,,,,,,,,,,,,,,,,,,,,,,,,,,,,,
342,385,N,Only one DELETED state required,N,R,N,R,D,,,,,,,,,,,,,,,,,,,,,,,,,,,,,,,,,,,,,,,,,,,,,,,,,,,,,,,,,,,,,,,,,,,,,,,,,,,,,,,,,,,,,,,,
343,,N,Renewal options don't apply to non-billables,N,R,N,R,P,,,,,,,,,,,,,,,,,,,,,,,,,,,,,,,,,,,,,,,,,,,,,,,,,,,,,,,,,,,,,,,,,,,,,,,,,,,,,,,,,,,,,,,,
344,,N,Renewal options don't apply to non-billables,N,R,N,R,T,,,,,,,,,,,,,,,,,,,,,,,,,,,,,,,,,,,,,,,,,,,,,,,,,,,,,,,,,,,,,,,,,,,,,,,,,,,,,,,,,,,,,,,,
345,,N,Renewal options don't apply to directs,N,R,N,D,A,,,,,,,,,,,,,,,,,,,,,,,,,,,,,,,,,,,,,,,,,,,,,,,,,,,,,,,,,,,,,,,,,,,,,,,,,,,,,,,,,,,,,,,,
346,,N,Involuntary NPR doesn't apply to non-billables,N,R,N,D,IM,,,,,,,,,,,,,,,,,,,,,,,,,,,,,,,,,,,,,,,,,,,,,,,,,,,,,,,,,,,,,,,,,,,,,,,,,,,,,,,,,,,,,,,,
347,,N,Involuntary NPR doesn't apply to non-billables,N,R,N,D,IS,,,,,,,,,,,,,,,,,,,,,,,,,,,,,,,,,,,,,,,,,,,,,,,,,,,,,,,,,,,,,,,,,,,,,,,,,,,,,,,,,,,,,,,,
348,,N,Renewal options don't apply to directs,N,R,N,D,VM,,,,,,,,,,,,,,,,,,,,,,,,,,,,,,,,,,,,,,,,,,,,,,,,,,,,,,,,,,,,,,,,,,,,,,,,,,,,,,,,,,,,,,,,
349,,N,Renewal options don't apply to directs,N,R,N,D,VS,,,,,,,,,,,,,,,,,,,,,,,,,,,,,,,,,,,,,,,,,,,,,,,,,,,,,,,,,,,,,,,,,,,,,,,,,,,,,,,,,,,,,,,,
350,385,N,Only one DELETED state required,N,R,N,D,D,,,,,,,,,,,,,,,,,,,,,,,,,,,,,,,,,,,,,,,,,,,,,,,,,,,,,,,,,,,,,,,,,,,,,,,,,,,,,,,,,,,,,,,,
351,,N,Renewal options don't apply to directs,N,R,N,D,P,,,,,,,,,,,,,,,,,,,,,,,,,,,,,,,,,,,,,,,,,,,,,,,,,,,,,,,,,,,,,,,,,,,,,,,,,,,,,,,,,,,,,,,,
352,,N,Renewal options don't apply to directs,N,R,N,D,T,,,,,,,,,,,,,,,,,,,,,,,,,,,,,,,,,,,,,,,,,,,,,,,,,,,,,,,,,,,,,,,,,,,,,,,,,,,,,,,,,,,,,,,,
353,,N,Renewal options don't apply to non-billables,N,A,Y,R,A,,,,,,,,,,,,,,,,,,,,,,,,,,,,,,,,,,,,,,,,,,,,,,,,,,,,,,,,,,,,,,,,,,,,,,,,,,,,,,,,,,,,,,,,
354,,N,Involuntary NPR doesn't apply to non-billables,N,A,Y,R,IM,,,,,,,,,,,,,,,,,,,,,,,,,,,,,,,,,,,,,,,,,,,,,,,,,,,,,,,,,,,,,,,,,,,,,,,,,,,,,,,,,,,,,,,,
355,,N,Involuntary NPR doesn't apply to non-billables,N,A,Y,R,IS,,,,,,,,,,,,,,,,,,,,,,,,,,,,,,,,,,,,,,,,,,,,,,,,,,,,,,,,,,,,,,,,,,,,,,,,,,,,,,,,,,,,,,,,
356,,N,Renewal options don't apply to non-billables,N,A,Y,R,VM,,,,,,,,,,,,,,,,,,,,,,,,,,,,,,,,,,,,,,,,,,,,,,,,,,,,,,,,,,,,,,,,,,,,,,,,,,,,,,,,,,,,,,,,
357,,N,Renewal options don't apply to non-billables,N,A,Y,R,VS,,,,,,,,,,,,,,,,,,,,,,,,,,,,,,,,,,,,,,,,,,,,,,,,,,,,,,,,,,,,,,,,,,,,,,,,,,,,,,,,,,,,,,,,
358,385,N,Only one DELETED state required,N,A,Y,R,D,,,,,,,,,,,,,,,,,,,,,,,,,,,,,,,,,,,,,,,,,,,,,,,,,,,,,,,,,,,,,,,,,,,,,,,,,,,,,,,,,,,,,,,,
359,,N,Renewal options don't apply to non-billables,N,A,Y,R,P,,,,,,,,,,,,,,,,,,,,,,,,,,,,,,,,,,,,,,,,,,,,,,,,,,,,,,,,,,,,,,,,,,,,,,,,,,,,,,,,,,,,,,,,
360,,N,Renewal options don't apply to non-billables,N,A,Y,R,T,,,,,,,,,,,,,,,,,,,,,,,,,,,,,,,,,,,,,,,,,,,,,,,,,,,,,,,,,,,,,,,,,,,,,,,,,,,,,,,,,,,,,,,,
361,,N,Renewal options don't apply to directs,N,A,Y,D,A,,,,,,,,,,,,,,,,,,,,,,,,,,,,,,,,,,,,,,,,,,,,,,,,,,,,,,,,,,,,,,,,,,,,,,,,,,,,,,,,,,,,,,,,
362,,N,Involuntary NPR doesn't apply to non-billables,N,A,Y,D,IM,,,,,,,,,,,,,,,,,,,,,,,,,,,,,,,,,,,,,,,,,,,,,,,,,,,,,,,,,,,,,,,,,,,,,,,,,,,,,,,,,,,,,,,,
363,,N,Involuntary NPR doesn't apply to non-billables,N,A,Y,D,IS,,,,,,,,,,,,,,,,,,,,,,,,,,,,,,,,,,,,,,,,,,,,,,,,,,,,,,,,,,,,,,,,,,,,,,,,,,,,,,,,,,,,,,,,
364,,N,Renewal options don't apply to directs,N,A,Y,D,VM,,,,,,,,,,,,,,,,,,,,,,,,,,,,,,,,,,,,,,,,,,,,,,,,,,,,,,,,,,,,,,,,,,,,,,,,,,,,,,,,,,,,,,,,
365,,N,Renewal options don't apply to directs,N,A,Y,D,VS,,,,,,,,,,,,,,,,,,,,,,,,,,,,,,,,,,,,,,,,,,,,,,,,,,,,,,,,,,,,,,,,,,,,,,,,,,,,,,,,,,,,,,,,
366,385,N,Only one DELETED state required,N,A,Y,D,D,,,,,,,,,,,,,,,,,,,,,,,,,,,,,,,,,,,,,,,,,,,,,,,,,,,,,,,,,,,,,,,,,,,,,,,,,,,,,,,,,,,,,,,,
367,,N,Renewal options don't apply to directs,N,A,Y,D,P,,,,,,,,,,,,,,,,,,,,,,,,,,,,,,,,,,,,,,,,,,,,,,,,,,,,,,,,,,,,,,,,,,,,,,,,,,,,,,,,,,,,,,,,
368,,N,Renewal options don't apply to directs,N,A,Y,D,T,,,,,,,,,,,,,,,,,,,,,,,,,,,,,,,,,,,,,,,,,,,,,,,,,,,,,,,,,,,,,,,,,,,,,,,,,,,,,,,,,,,,,,,,
369,,N,Renewal options don't apply to non-billables,N,A,N,R,A,,,,,,,,,,,,,,,,,,,,,,,,,,,,,,,,,,,,,,,,,,,,,,,,,,,,,,,,,,,,,,,,,,,,,,,,,,,,,,,,,,,,,,,,
370,,N,Involuntary NPR doesn't apply to non-billables,N,A,N,R,IM,,,,,,,,,,,,,,,,,,,,,,,,,,,,,,,,,,,,,,,,,,,,,,,,,,,,,,,,,,,,,,,,,,,,,,,,,,,,,,,,,,,,,,,,
371,,N,Involuntary NPR doesn't apply to non-billables,N,A,N,R,IS,,,,,,,,,,,,,,,,,,,,,,,,,,,,,,,,,,,,,,,,,,,,,,,,,,,,,,,,,,,,,,,,,,,,,,,,,,,,,,,,,,,,,,,,
372,,N,Renewal options don't apply to non-billables,N,A,N,R,VM,,,,,,,,,,,,,,,,,,,,,,,,,,,,,,,,,,,,,,,,,,,,,,,,,,,,,,,,,,,,,,,,,,,,,,,,,,,,,,,,,,,,,,,,
373,,N,Renewal options don't apply to non-billables,N,A,N,R,VS,,,,,,,,,,,,,,,,,,,,,,,,,,,,,,,,,,,,,,,,,,,,,,,,,,,,,,,,,,,,,,,,,,,,,,,,,,,,,,,,,,,,,,,,
374,385,N,Only one DELETED state required,N,A,N,R,D,,,,,,,,,,,,,,,,,,,,,,,,,,,,,,,,,,,,,,,,,,,,,,,,,,,,,,,,,,,,,,,,,,,,,,,,,,,,,,,,,,,,,,,,
375,,N,Renewal options don't apply to non-billables,N,A,N,R,P,,,,,,,,,,,,,,,,,,,,,,,,,,,,,,,,,,,,,,,,,,,,,,,,,,,,,,,,,,,,,,,,,,,,,,,,,,,,,,,,,,,,,,,,
376,,N,Renewal options don't apply to non-billables,N,A,N,R,T,,,,,,,,,,,,,,,,,,,,,,,,,,,,,,,,,,,,,,,,,,,,,,,,,,,,,,,,,,,,,,,,,,,,,,,,,,,,,,,,,,,,,,,,
377,,N,Renewal options don't apply to directs,N,A,N,D,A,,,,,,,,,,,,,,,,,,,,,,,,,,,,,,,,,,,,,,,,,,,,,,,,,,,,,,,,,,,,,,,,,,,,,,,,,,,,,,,,,,,,,,,,
378,,N,Involuntary NPR doesn't apply to non-billables,N,A,N,D,IM,,,,,,,,,,,,,,,,,,,,,,,,,,,,,,,,,,,,,,,,,,,,,,,,,,,,,,,,,,,,,,,,,,,,,,,,,,,,,,,,,,,,,,,,
379,,N,Involuntary NPR doesn't apply to non-billables,N,A,N,D,IS,,,,,,,,,,,,,,,,,,,,,,,,,,,,,,,,,,,,,,,,,,,,,,,,,,,,,,,,,,,,,,,,,,,,,,,,,,,,,,,,,,,,,,,,
380,,N,Renewal options don't apply to directs,N,A,N,D,VM,,,,,,,,,,,,,,,,,,,,,,,,,,,,,,,,,,,,,,,,,,,,,,,,,,,,,,,,,,,,,,,,,,,,,,,,,,,,,,,,,,,,,,,,
381,,N,Renewal options don't apply to directs,N,A,N,D,VS,,,,,,,,,,,,,,,,,,,,,,,,,,,,,,,,,,,,,,,,,,,,,,,,,,,,,,,,,,,,,,,,,,,,,,,,,,,,,,,,,,,,,,,,
382,385,N,Only one DELETED state required,N,A,N,D,D,,,,,,,,,,,,,,,,,,,,,,,,,,,,,,,,,,,,,,,,,,,,,,,,,,,,,,,,,,,,,,,,,,,,,,,,,,,,,,,,,,,,,,,,
383,,N,Renewal options don't apply to directs,N,A,N,D,P,,,,,,,,,,,,,,,,,,,,,,,,,,,,,,,,,,,,,,,,,,,,,,,,,,,,,,,,,,,,,,,,,,,,,,,,,,,,,,,,,,,,,,,,
384,,N,Renewal options don't apply to directs,N,A,N,D,T,,,,,,,,,,,,,,,,,,,,,,,,,,,,,,,,,,,,,,,,,,,,,,,,,,,,,,,,,,,,,,,,,,,,,,,,,,,,,,,,,,,,,,,,
385,,Y,Only one DELETED state required,*,*,*,*,D,,x,x,,x,x,,x,x,,x,x,,x,x,,387,,,x,x,,x,x,,x,x,,x,x,,x,x,,x,x,,x,x,,x,x,,x,x,,x,x,,x,x,,,,,x,x,,x,x,,x,x,,x,x,,x,x,,x,x,,x,x,,x,x,,x,x,,x,x,,x,x,
386,,Y,"IEDR domains have no customer, billing, renewal or WIPO issues",I,*,*,*,~D,,x,x,,x,x,,x,x,,x,x,,x,x,,x,x,,x,x,,x,x,,x,x,,x,x,,x,x,,x,x,,x,x,,385,,,x,x,,x,x,,x,x,,,,,x,x,,x,x,,x,x,No autorenew for IEDR-held domains,x,x,No autorenew for IEDR-held domains,x,x,No autorenew for IEDR-held domains,x,x,Needs to be registered,x,x,Needs to be registered,x,x,Needs to be registered,x,x,,x,x,,x,x,
387,,Y,END STATE,n/a,n/a,n/a,n/a,n/a,,x,x,,x,x,,x,x,,x,x,,x,x,,x,x,,x,x,,x,x,,x,x,,x,x,,x,x,,x,x,,x,x,,x,x,,x,x,,x,x,,x,x,,,,,x,x,,x,x,,x,x,,x,x,,x,x,,x,x,,x,x,,x,x,,x,x,,x,x,,x,x,
